sim_time_s,painting_count,phase,agent_enabled,brush_loaded,depositing_paint,contact_on_canvas,contact_pressure,contact_force_n,canvas_coverage,tip_x,tip_y,tip_z,target_tip_x,target_tip_y,target_tip_z,brush_x,brush_y,brush_z,max_joint_target_error_deg,position_yaw_deg,target_yaw_deg,velocity_yaw_rad_s,velocity_yaw_deg_s,current_yaw_a,torque_yaw_nm,voltage_yaw_v,actuator_position_yaw_deg,actuator_velocity_yaw_rad_s,encoder_position_yaw_deg,encoder_velocity_yaw_rad_s,position_error_yaw_deg,elastic_deflection_yaw_deg,backlash_deflection_yaw_deg,friction_torque_yaw_nm,load_torque_yaw_nm,encoder_std_yaw_deg,thermal_fraction_yaw,torque_limit_fraction_yaw,position_pitch_deg,target_pitch_deg,velocity_pitch_rad_s,velocity_pitch_deg_s,current_pitch_a,torque_pitch_nm,voltage_pitch_v,actuator_position_pitch_deg,actuator_velocity_pitch_rad_s,encoder_position_pitch_deg,encoder_velocity_pitch_rad_s,position_error_pitch_deg,elastic_deflection_pitch_deg,backlash_deflection_pitch_deg,friction_torque_pitch_nm,load_torque_pitch_nm,encoder_std_pitch_deg,thermal_fraction_pitch,torque_limit_fraction_pitch,position_roll_deg,target_roll_deg,velocity_roll_rad_s,velocity_roll_deg_s,current_roll_a,torque_roll_nm,voltage_roll_v,actuator_position_roll_deg,actuator_velocity_roll_rad_s,encoder_position_roll_deg,encoder_velocity_roll_rad_s,position_error_roll_deg,elastic_deflection_roll_deg,backlash_deflection_roll_deg,friction_torque_roll_nm,load_torque_roll_nm,encoder_std_roll_deg,thermal_fraction_roll,torque_limit_fraction_roll,position_elbow_deg,target_elbow_deg,velocity_elbow_rad_s,velocity_elbow_deg_s,current_elbow_a,torque_elbow_nm,voltage_elbow_v,actuator_position_elbow_deg,actuator_velocity_elbow_rad_s,encoder_position_elbow_deg,encoder_velocity_elbow_rad_s,position_error_elbow_deg,elastic_deflection_elbow_deg,backlash_deflection_elbow_deg,friction_torque_elbow_nm,load_torque_elbow_nm,encoder_std_elbow_deg,thermal_fraction_elbow,torque_limit_fraction_elbow
0.0,0,scripted,False,False,False,True,0.0,0.0,0.0,0.0,16.712477851850025,0.0,0.0,16.712477851850025,0.0,0.0,16.712477851850025,0.0,0.0,0.0,0.0,0.0,0.0,0.0,0.0,0.0,0.0,0.0,0.0,0.0,0.0,0.0,0.0,0.0,0.0,0.0,0.0,0.0,-50.0,-50.0,0.0,0.0,0.0,0.0,0.0,-50.0,0.0,-50.0,0.0,0.0,0.0,0.0,0.0,0.0,0.0,0.0,0.0,0.0,0.0,0.0,0.0,0.0,0.0,0.0,0.0,0.0,0.0,0.0,0.0,0.0,0.0,0.0,0.0,0.0,0.0,0.0,100.0,100.0,0.0,0.0,0.0,0.0,0.0,100.0,0.0,100.0,0.0,0.0,0.0,0.0,0.0,0.0,0.0,0.0,0.0
0.03333333333333333,0,scripted,False,False,False,True,0.0,0.0,0.0,-0.28930780521827815,16.78217402855913,-0.16221090098859037,-7.199999999999999,16.266163793103445,-4.499999999999998,-0.28930780521827815,16.78217402855913,-0.16221090098859037,22.917748476627537,0.9581879603020557,23.875936436929592,0.8771500745183883,50.256997269489304,4.319230222654727,1.8140766935149852,9.070383467574926,5.944958832539485,1.237414395786256,0.9490091037041821,0.8771500745183883,23.13097298399945,4.951770872237429,0.035,0.02573299247117598,0.0,0.06796882371413465,0.0007852928641200598,0.9997559780021399,-50.343448747336126,-59.30851936199117,-0.31381334099338176,-17.98017999382052,-1.7031754805073869,-0.7153337018131024,-3.5766685090655126,-52.078286041572184,-0.49613412111754407,-50.37989221918529,-0.31381334099338176,-9.06812922014654,-1.6898372942360624,-0.045,-0.02887745399050773,-0.0,0.0473590363931083,0.00012115356480641211,0.9999623901488329,-0.03854290102210109,0.0,-0.03220056632078074,-1.844956548111838,0.0070208991840177174,0.002948777657287441,0.014743888286437207,-0.05716514115444636,-0.1805820887378637,-0.08929079947120636,-0.03220056632078074,-0.0197029513508699,0.0010807112185246214,-0.0197029513508699,-0.012202998292748603,-0.0,0.03566908596635854,3.8587084138671764e-09,0.9999999987308738,99.57950533243357,90.22408393368188,-0.3850291857825122,-22.06054733469643,-1.762564040704412,-0.7402768970958531,-3.7013844854792657,97.25338577340327,-0.5718488269018707,99.59216834459521,-0.3850291857825122,-9.482587228500076,-2.2861195590303054,-0.04,-0.021387470697337898,-0.0,0.04899545528959458,0.00012991684830952337,0.999959663144376
0.06666666666666667,0,scripted,False,False,False,True,0.0,0.0,0.0,-1.0512037581586031,16.931754392892067,-0.5907444342263872,-7.200000000000001,16.282327586206897,-4.500000000000002,-1.0512037581586031,16.931754392892067,-0.5907444342263872,20.393761029787377,3.4611200476644526,23.85488107745183,1.6244737355529633,93.07548897703579,3.5414214350469053,1.4873970027197,7.436985013598502,8.864763240742166,1.6658694986127531,3.5465725338766476,1.6244737355529633,20.696227925204578,5.3686431930777125,0.035,0.033404089966177664,0.0,0.08013740840765535,0.001364278975307212,0.9995432099584806,-51.235937431247095,-59.25261667527652,-0.5796491493576535,-33.21144985654184,-1.4253906100515,-0.59866405622163,-2.99332028110815,-53.14536740407686,-0.6391457902919484,-51.28357084908976,-0.5796491493576535,-8.194349458754335,-1.8644299728297662,-0.045,-0.03268222433497507,-0.0,0.051683663737337,0.00021128325615096065,0.9999294056908765,-0.12074267195185755,0.0,-0.049032576933774864,-2.809359716955811,0.027275527963811715,0.01145572174480092,0.0572786087240046,-0.07107901179249684,-0.19095948439850585,-0.0917100428845661,-0.049032576933774864,0.04573320143608129,0.003930458723279415,0.04573320143608129,-0.01233405366976477,-0.0,0.03607806413854626,4.074635823497567e-08,0.9999999869680226,98.48322128815158,90.13490089746035,-0.711097735636318,-40.74289907327058,-1.4389986198640468,-0.6043794203428996,-3.021897101714498,96.00690636638429,-0.7651892443417196,98.52957774858099,-0.711097735636318,-8.499563909404978,-2.4363149217672992,-0.04,-0.024738808430038086,-0.0,0.0543612354979551,0.00022519060153885676,0.9999246022608828
0.09999999999999999,0,scripted,False,False,False,True,0.13503522724301575,3.7134687491829332,0.0,-2.208161429344872,17.067517613621508,-1.2489017675417315,-7.200000000000003,16.298491379310345,-4.500000000000001,-2.208161429344872,17.0,-1.2489017675417315,16.623584552631634,7.210276103131634,23.833860655763267,2.1979932160024087,125.93573467532474,2.6198355595941103,1.1003309350295263,5.501654675147631,12.644518780801658,2.127514124684091,7.103390436361684,2.1979932160024087,17.215347763324583,5.399242677670024,0.035,0.03936583485232374,0.004952484191904998,0.09822138827383714,0.0017155910845905174,0.9994108537976656,-52.57124832586456,-59.19668567218943,-0.7812755027052778,-44.76378894197415,-1.0732953163030827,-0.45078403284729474,-2.2539201642364737,-54.477058235626735,-0.6865987350434555,-52.66645107415104,-0.7812755027052778,-6.833870314280905,-1.860809909762175,-0.045,-0.03564935469510622,-0.016508280639683327,0.06436367599614085,0.0002681921494420748,0.9999080315527383,-0.2154491256139284,0.0,-0.046689293061577444,-2.6750994408778257,0.05207981164713564,0.021873520891796967,0.10936760445898484,-0.10441443057106332,-0.07398567713243148,-0.2553299132012283,-0.046689293061577444,0.17062890064590225,0.051034695042865084,0.06,-0.01233492009107803,-0.003301656127936665,0.04602475357235275,1.4130246200516445e-07,0.9999999550258896,96.8415826415522,90.04562961073832,-0.9620680097308357,-55.1224365621279,-1.03054029804189,-0.4328269251775938,-2.1641346258879692,94.44115205777305,-0.7530548726363051,96.84989441904385,-0.9620680097308357,-6.955975885479057,-2.360430583779142,-0.04,-0.02736761585773588,-0.01320662451174666,0.06782682964286203,0.00028195488044219523,0.99990306555248
0.13333333333333333,0,scripted,False,False,False,True,0.1723756901658149,4.740331479559909,0.0,-3.646506855658358,17.086187845082907,-2.081096349268268,-7.199999999999999,16.31465517241379,-4.499999999999999,-3.646506855658358,17.0,-2.081096349268268,11.975183459585164,11.837691631035366,23.81287509062053,2.5669331389757284,147.07443515557765,1.5506289480194764,0.6512641581681801,3.2563207908409004,16.881551400542946,2.3497430229872185,11.915975930245624,2.5669331389757284,12.609845783861422,5.008859769507582,0.035,0.04331866672510316,0.008346698545036833,0.10857002039822923,0.0018712862033626243,0.9993489837090044,-54.205465697843806,-59.14072621744976,-0.9020540289781837,-51.68388875322158,-0.6694097550660223,-0.2811520971277294,-1.405760485638647,-55.961352043582,-0.7825959557001827,-54.25656391370972,-0.9020540289781837,-5.057569388258932,-1.7108863457382006,-0.045,-0.0374748768689228,-0.02782232848345611,0.07212522679487314,0.00029579786692862,0.9998972050788174,-0.2826144503865479,0.0,-0.025770507027463523,-1.4765412885858886,0.05236472073409189,0.02199318270831859,0.10996591354159296,-0.13380320935257697,-0.12912032730760745,-0.29783020189788495,-0.025770507027463523,0.2088980125120515,0.08881124103397094,0.06,-0.012197659066474957,-0.005564465696691221,0.05239582409038755,3.249851002501971e-07,0.9999998907820496,94.82570415242739,89.95626985744997,-1.11350083024891,-63.798898057575656,-0.5803864809897806,-0.24376232201570786,-1.2188116100785393,92.6779914821808,-0.905226841386515,94.8365707664997,-1.11350083024891,-5.010714968943127,-2.107712670246587,-0.04,-0.02899835521996007,-0.022257862786764886,0.07603622255572966,0.00030614946052285154,0.9998933978137882
0.16666666666666677,0,scripted,False,False,False,True,0.0,0.0,0.0,-5.227281385087602,16.915240200155395,-3.0258892857394777,-7.200000000000001,16.330818965517242,-4.499999999999998,-5.227281385087602,16.915240200155395,-3.0258892857394777,6.848164467481126,16.94375983353098,23.791924301012106,2.726526184761826,156.21844311875915,0.47323433218099237,0.19875841951601678,0.993792097580084,21.310085113280653,2.2583490669057715,17.10184184500244,2.726526184761826,7.560924451941562,4.331325279749673,0.035,0.04517243356263581,0.0,0.09122064631016866,0.0019073461759139434,0.9993327563553123,-56.003614281909464,-59.08473817517281,-0.9641193750676939,-55.2399711381693,-0.29487481436000074,-0.1238474220312003,-0.6192371101560016,-57.61705987627494,-0.8247141610101316,-55.995235208178165,-0.9641193750676939,-3.312964534025697,-1.5684455943654783,-0.045,-0.03844003726424473,-0.0,0.055335511838353876,0.00030458107919307246,0.999893533565957,-0.311990784554708,0.0,-0.008493470914652662,-0.4866400368267166,0.06781034576315463,0.028480345220524943,0.14240172610262472,-0.21174527628874057,0.004546576963006706,-0.26845163952796236,-0.008493470914652662,0.32122477787325804,0.04024550826596745,0.06,0.011929849288949653,0.0,0.03541204922459004,4.79052880293211e-07,0.9999998399241458,92.6104329082616,89.86682142024083,-1.1826943765867006,-67.76339623227395,-0.13783764720494077,-0.05789181182607512,-0.2894590591303756,90.75279081625187,-0.9137785210775107,92.60663754521426,-1.1826943765867006,-2.9427707727954715,-1.817642092009732,-0.04,-0.02979018622804855,-0.0,0.059146164843180235,0.000311252622980806,0.9998910860143402
0.2000000000000002,0,scripted,False,False,False,True,0.0,0.0,0.0,-6.802672959151736,16.537392965596297,-4.022292668483564,-7.200000000000003,16.34698275862069,-4.499999999999999,-6.802672959151736,16.537392965596297,-4.022292668483564,1.6392940622162833,22.131714143941217,23.7710082061575,2.679544840129471,153.52661035547558,-0.5969906504517342,-0.25073607318972835,-1.2536803659486417,25.509445360306227,1.9458717485374422,22.32376923210004,2.679544840129471,2.1566573457849714,3.3427312163650083,0.035,0.044969571130088856,0.0,0.09072300626848846,0.0019103311889229454,0.9993319305410491,-57.85115481939596,-59.0287214088654,-0.9621046901540439,-55.12453819556848,0.06817908255677661,0.028635214673846176,0.14317607336923088,-59.188480719696884,-0.8948198995934398,-57.86776200911074,-0.9621046901540439,-1.5016823227910396,-1.2923259003009293,-0.045,-0.038519688242831626,-0.0,0.05448559052649794,0.0003050471711380981,0.9998932343319742,-0.31383382357129996,0.0,0.005424478666953688,0.31079973367519725,0.05720440073117277,0.024025848307092562,0.12012924153546282,-0.20768934218473326,-0.07882448832989335,-0.3135209053614378,0.005424478666953688,0.29503157474389136,0.04614448138656671,0.06,0.012024392121116365,0.0,0.03531279100452184,6.43091637069298e-07,0.9999997803144655,90.34910571782919,89.77728408045974,-1.1728555205335505,-67.1996713051917,0.27668144620649515,0.11620620740672796,0.5810310370336398,88.92165148460715,-0.9027920887878338,90.33737835978232,-1.1728555205335505,-0.8638273996408077,-1.3874542332220334,-0.04,-0.029788745153086618,-0.0,0.05944525843283707,0.00031201480906569725,0.9998909143992639
0.23333333333333364,0,scripted,False,False,False,True,0.0,0.0,0.0,-8.230997194103852,15.995507033482504,-5.000690488948679,-7.2,16.363146551724135,-4.4999999999999964,-8.230997194103852,15.995507033482504,-5.000690488948679,3.274585743003648,27.02471246851022,23.750126725506572,2.4447897005159693,140.07613163661753,-1.4752937078554633,-0.6196233572992945,-3.098116786496473,29.236108001483124,1.8718007354566346,26.916098327886314,2.4447897005159693,-2.653805843828483,2.2463955329729077,-0.035,0.042829273203041245,0.0,0.0891647001098032,0.0019574140332158244,0.9993184600962227,-59.635268641331265,-58.97267578142197,-0.9056096960059588,-51.887613467266924,0.4403386422687259,0.18494222975286487,0.9247111487643244,-60.52103575605993,-0.664747125063343,-59.68785116816707,-0.9056096960059588,0.45893987741044723,-0.9307671147286612,0.045,-0.03781929789032706,-0.0,0.054684831928221767,0.00030827633543480565,0.9998924169849939,-0.2835571815966441,0.0,0.023236040770979634,1.3313270687710406,0.04471159160341439,0.018778868473434043,0.09389434236717022,-0.16843435559988487,-0.005138124795676172,-0.35063466021055906,0.023236040770979634,0.26539057752405393,0.05512282599675925,0.06,0.012150100708431942,0.0,0.03562440507114608,7.664732073096904e-07,0.9999997350228256,88.20074133478039,89.68765761815084,-1.0771557650681456,-61.716479216589974,0.6587818837746903,0.2766883911853699,1.3834419559268496,87.37600382026457,-0.8244844186780931,88.16069615885742,-1.0771557650681456,1.2155411605108293,-0.8647375145158128,0.04,-0.02892778010536373,-0.0,0.058895907743415375,0.0003217911188484067,0.9998880835162313
0.26666666666666694,0,scripted,False,False,False,True,0.0,0.0,0.0,-9.407156943688085,15.378667599819984,-5.895523788503647,-7.200000000000001,16.379310344827587,-4.499999999999999,-9.407156943688085,15.378667599819984,-5.895523788503647,7.566010324506287,31.295290103245087,23.7292797787388,2.0545928656525265,117.71949981957913,-2.2068160178214273,-0.9268627274849994,-4.634313637424998,32.31073139169697,1.4316339329298788,31.19624934484162,2.0545928656525265,-7.033513923482155,1.0504412884518761,-0.035,0.03910168147827118,0.0,0.08397334309098421,0.0020953690664095212,0.9992746266382138,-61.26374960620149,-58.91660115512044,-0.8044651050045041,-46.09245528230669,0.742949807945479,0.3120389193371012,1.560194596685506,-61.77585444951902,-0.6456317826044611,-61.236343389120876,-0.8044651050045041,2.159068997116014,-0.5571048433175304,0.045,-0.03647642533625496,-0.0,0.053742694271323936,0.0003226703489361086,0.9998879708526297,-0.22082025564535948,0.0,0.04079699663314325,2.337495723888537,0.03166314595144213,0.013298521299605693,0.06649260649802848,-0.09780841146837985,0.020897303460160766,-0.2594466174643968,0.04079699663314325,0.23180271430290098,0.06301184417697965,0.06,0.012269385075297184,0.0,0.03592902259677516,8.400344469553149e-07,0.9999997076268651,86.30963156693214,89.59794181204536,-0.913331798198981,-52.330057331895816,0.9809873151355515,0.4120146723569316,2.0600733617846583,86.04673987236853,-0.6059460668645222,86.29065145110268,-0.913331798198981,3.1269232373730573,-0.30289169456359377,0.04,-0.027376066196523288,-0.0,0.05677016208946374,0.00034909458813764486,0.9998794003276107
0.30000000000000016,0,scripted,False,False,False,False,0.0,0.0,0.0,-10.275827211013535,14.79516223130042,-6.650157601651346,-7.200000000000001,16.39547413793104,-4.499999999999998,-10.275827211013535,14.79516223130042,-6.650157601651346,10.981304415002555,34.68977170076507,23.708467285762516,1.5483807438948411,88.71568170450121,-2.7216786334597414,-1.1431050260530913,-5.7155251302654575,34.527016830227396,0.9562394311485356,34.76149463532614,1.5483807438948411,-10.55802612140726,-0.12775487053767418,-0.035,0.034161917088756766,0.0,0.07568789571168161,0.002335595127855186,0.9991947379936027,-62.65598260276367,-58.860497391618296,-0.6661076881662413,-38.16515923314196,0.9891967358862574,0.41546262907222814,2.0773131453611406,-62.78315131904445,-0.45382041153184005,-62.62354622352996,-0.6661076881662413,3.650977137615932,-0.17216871628077113,0.045,-0.03458852424708417,-0.0,0.05185499924863289,0.00035236224072185933,0.9998782833204435,-0.12764966927914337,0.0,0.053150941450303864,3.045324622249358,0.0121559911268114,0.005105516273260787,0.02552758136630394,-0.012936283348175792,0.09303527778677724,-0.138494365027707,0.053150941450303864,0.16076193968027114,0.05471338593096759,0.06,0.012366232211025476,0.0,0.03610643308303041,8.562067278288261e-07,0.9999997005527755,84.78634278934608,89.50813643955358,-0.7016446989331765,-40.20127996659831,1.2037793967075459,0.5055873466171692,2.527936733085846,85.05521932964028,-0.3837722979666758,84.83419634313015,-0.7016446989331765,4.64063754075856,0.22887654029421461,0.04,-0.025303947730380617,-0.0,0.05333210610976191,0.0003943056819897991,0.999864380291337
0.33333333333333337,0,scripted,False,False,False,False,0.0,0.0,0.0,-10.824355202609684,14.342008754016321,-7.224860922120623,-7.200000000000005,16.411637931034484,-4.5,-10.824355202609684,14.342008754016321,-7.224860922120623,13.3423982997342,37.03008746644843,23.68768916671423,0.9667549297828423,55.39097730002312,-3.008015552148732,-1.2633665319024674,-6.316832659512337,35.776073097535765,0.4887711693653518,37.08302095273118,0.9667549297828423,-13.09118501386352,-1.2190143689126691,-0.035,0.028419819807291732,0.0,0.06507801128190233,0.0026543424634419915,0.9990858821184746,-63.75723100556939,-58.8043643519485,-0.5045546789157332,-28.908853635449898,1.1744823575692562,0.4932825901790876,2.466412950895438,-63.51184459194902,-0.23423389602136524,-63.76709566472316,-0.5045546789157332,4.883284906587492,0.20038641362037607,0.045,-0.03236913273785437,-0.0,0.049285673426776304,0.00039699313835757957,0.9998633244088512,-0.017924838882032737,0.0,0.060414397508093375,3.461489999039428,-0.018020212977689652,-0.007568489450629654,-0.037842447253148274,0.028698319067686277,0.07831138722145596,-0.04686909561246377,0.060414397508093375,0.02176658570026278,0.024856572249456234,0.02176658570026278,0.012413210925861739,0.0,0.03627264585365362,8.619698201213985e-07,0.9999996988281753,83.70540641517736,89.4182412767565,-0.45729167343095445,-26.20088289406841,1.2990503044827617,0.5456011278827599,2.7280056394137997,84.42571999475071,-0.2815231863658596,83.76118614499919,-0.45729167343095445,5.579955428097937,0.6803135795733442,0.04,-0.022888795474430925,-0.0,0.04878529884177181,0.00045413693278398363,0.9998438322937501
0.3666666666666666,0,scripted,False,False,False,False,0.0,0.0,0.0,-11.06663667220641,14.086050036504451,-7.593996243688071,-7.200000000000002,16.427801724137932,-4.499999999999998,-11.06663667220641,14.086050036504451,-7.593996243688071,14.560618990661819,38.22756433261965,23.66694534195783,0.36212710599154446,20.748354820602124,-3.065471452786231,-1.287498010170217,-6.437490050851085,36.04571522793833,-0.1901352521238131,38.25386709692197,0.36212710599154446,-14.531553464384826,-2.1468491046813205,-0.035,0.022381897908775806,0.0,0.05319065445121028,0.00300598847499859,0.9989633751416862,-64.52780448893421,-58.74820189651528,-0.32360180559438523,-18.541017703371224,1.281990766749157,0.538436122034646,2.6921806101732297,-63.94041277148839,-0.11050347027296681,-64.46091718355731,-0.32360180559438523,5.766971210242455,0.5423917174458129,0.045,-0.02984604031198845,-0.0,0.046050574564563275,0.0004539582382411342,0.9998438220329952,0.101027417387847,0.0,0.06126489101192732,3.5102196873124067,-0.05117821708294563,-0.021494851174837164,-0.10747425587418583,0.02273804871408608,-0.021861745854752507,0.12537075475267542,0.06126489101192732,-0.1392358943758565,-0.018289368673760926,-0.06,0.012432773317077666,0.0,0.03640807716696335,9.065601353309033e-07,0.9999996870145936,83.108574979813,89.32825609839743,-0.20032213059091739,-11.477612625928087,1.3136823069210808,0.5517465689068539,2.75873284453427,84.21777897097209,-0.043140294116152944,83.1341192996939,-0.20032213059091739,6.142316270560115,1.0692039911590925,0.04,-0.02032027256808703,-0.0,0.043698165136536495,0.0005199483699130901,0.9998208600283423
0.3999999999999998,0,scripted,False,False,False,False,0.0,0.0,0.0,-11.031960236561025,14.052797266142779,-7.750023208364452,-7.200000000000001,16.44396551724138,-4.5,-11.031960236561025,14.052797266142779,-7.750023208364452,14.6398075807797,38.28604331286363,23.646235732083934,-0.21722695397807285,-12.446187659426142,-2.873729864115597,-1.2069665429285505,-6.034832714642754,35.50108039480086,-0.5383421649353526,38.28985324629178,-0.21722695397807285,-14.69066961762829,-2.7499629180627747,-0.035,-0.019484547410261992,-0.0,0.04960786002283145,0.003338047703160546,0.9988452639174888,-64.94589123882945,-58.69200988509005,-0.1361993010458297,-7.803645122557781,1.3052508006840593,0.5482053362873048,2.7410266814365247,-64.07052240004126,0.0299197129354134,-64.96411042183087,-0.1361993010458297,6.236731564994478,0.8303688387881816,0.045,-0.027243538340380225,-0.0,0.042385596023359666,0.0005167790175760829,0.9998219328599308,0.21161732117968185,0.0,0.05388213035054156,3.0872186602597904,-0.048111476830334995,-0.020206820268740697,-0.1010341013437035,0.12678241308638735,0.08533722310280716,0.27596590051132913,0.05388213035054156,-0.13714412930523623,-0.024834908093294493,-0.06,0.01238107617435559,0.0,0.03624946930997632,9.909055050108808e-07,0.9999996569883244,82.99038811499038,89.23818067787367,0.041548980165701514,2.3805812065674647,1.2412967406037905,0.521344631053592,2.60672315526796,84.29319730724264,-0.22872895275128258,82.92965232713772,0.041548980165701514,6.251424330480153,1.262809192252255,0.04,0.018140721254280925,0.0,0.040264182248327576,0.0005816780906138676,0.999798947428445
0.433333333333333,0,scripted,False,False,False,False,0.0,0.0,0.0,-10.758239582041789,14.226030184132227,-7.704031517260849,-7.199999999999999,16.460129310344826,-4.499999999999997,-10.758239582041789,14.226030184132227,-7.704031517260849,13.685067042508123,37.31062730041726,23.625560257909136,-0.7287407689108176,-41.75377041770828,-2.531272441304185,-1.0631344253477577,-5.315672126738789,34.0770027422027,-0.9435325324958832,37.352261055680785,-0.7287407689108176,-13.966886482722394,-3.1986245582145574,-0.035,-0.024684936835740988,-0.0,0.058615074097159874,0.0036098306898646117,0.9987470730898298,-65.00802534044782,-58.6357881768072,0.043575767778415486,2.496707582745371,1.2577948356766513,0.5282738309841936,2.6413691549209677,-63.99853757538598,0.12603631102455992,-65.04337413413964,0.043575767778415486,6.350609066857514,0.9644877650618298,0.045,0.025334373505519637,0.0,0.04036363976869921,0.0005791711449562504,0.999799893091755,0.29388204612083135,0.0,0.03427186885882015,1.9636334416362315,-0.05084806737946608,-0.02135618829937575,-0.10678094149687878,0.17707261541571584,0.16024229296947087,0.27494300853158965,0.03427186885882015,-0.18496228189693648,-0.05680943070511553,-0.06,0.012256080391462452,0.0,0.03586703761781736,1.1775440215062848e-06,0.9999995921084555,83.29367692477115,89.14801478722798,0.24502765250318762,14.039050352430792,1.093103133621161,0.45910331612088756,2.295516580604438,84.74413542120526,0.26714358088714363,83.26177913079967,0.24502765250318762,5.902507851180747,1.4104584964341051,0.04,0.020208987260771923,0.0,0.043804492812996476,0.000632362536563553,0.9997806347025415
0.46666666666666623,0,scripted,False,False,False,False,0.0,0.0,0.0,-10.275074872447414,14.56183833248399,-7.484988731974723,-7.199999999999999,16.476293103448267,-4.499999999999996,-10.275074872447414,14.56183833248399,-7.484988731974723,11.847241225728435,35.45216006620374,23.604918840475303,-1.1483420258974082,-65.79515152142417,-1.9844921925471657,-0.8334867208698096,-4.167433604349048,32.07911738083646,-1.1672527922544873,35.44177711887045,-1.1483420258974082,-12.053187699070557,-3.3380426853672778,-0.035,-0.029017587426323425,-0.0,0.06505431263418805,0.0037960210686422227,0.9986778194602011,-64.75422671751153,-58.57953663015984,0.200259047575172,11.473998235366917,1.1765708923031524,0.494159774767324,2.4707988738366202,-63.57972418009991,0.32101387930884684,-64.79872875273378,0.200259047575172,6.244291425614476,1.1295025374116268,0.045,0.027538971780138775,0.0,0.04320721985258613,0.0006350972345622677,0.9997799907520886,0.33739055224707576,0.0,0.013385754362094687,0.7669472305468571,-0.07350635770943378,-0.03087267023796219,-0.15436335118981095,0.16017197044706175,0.10490348705439916,0.28369400224784624,0.013385754362094687,-0.3388576127511093,-0.117218581800014,-0.06,0.012110080313315185,0.0,0.03553023779334702,1.3889211543793831e-06,0.9999995227808421,83.94566958387135,89.05775819714002,0.41148354162518,23.576270274218547,0.8870074488304199,0.37254312850877636,1.862715642543882,85.43176957956008,0.427478489290003,83.8420370195949,0.41148354162518,5.195921499244872,1.4460999956887313,0.04,0.02192197460812808,0.0,0.04639755457832653,0.0006683691212533377,0.9997673567910533
0.49999999999999944,0,scripted,False,False,False,True,0.0,0.0,0.0,-9.612824279038291,15.003174938521411,-7.121583632554018,-7.199999999999998,16.49245689655172,-4.499999999999998,-9.612824279038291,15.003174938521411,-7.121583632554018,9.326234395006654,32.91054579605546,23.584311401048804,-1.4556190672867733,-83.4008291343015,-1.3916922721405915,-0.5845107542990484,-2.9225537714952425,29.600847724119017,-1.3910267635972584,32.98597450243987,-1.4556190672867733,-9.696275886460217,-3.2746980719364442,-0.035,-0.03223710855349501,-0.0,0.06908271088909472,0.0038982812266976003,0.9986387167020613,-64.22017722446235,-58.52325510299548,0.3382660151990034,19.381215023611052,1.0327623141075024,0.433760171925151,2.168800859625755,-62.95473220933072,0.36413620108085354,-64.3074817770086,0.3382660151990034,5.793497643892794,1.220445015131626,0.045,0.029513221073169362,0.0,0.045453757140078294,0.000680120289949331,0.999763706306376,0.3606590627795078,0.0,0.010536324171170125,0.6036869065897233,-0.06178597862962314,-0.025950111024441717,-0.1297505551222086,0.2714323188009899,0.10750354566411692,0.348102411655928,0.010536324171170125,-0.28704810739046666,-0.029226743978517954,-0.06,-0.011921549488577288,-0.0,0.03543139069281492,1.5832143728370947e-06,0.9999994521518668,84.8706708558685,88.96741067691755,0.5344977732627132,30.624466567093883,0.6380460965539567,0.2679793605526618,1.3398968027633091,86.28611137718873,0.3891016632430677,84.79156746325465,0.5344977732627132,4.195702431874832,1.3754405213202396,0.04,0.023224801678293355,0.0,0.047968691524375544,0.0006897744196122999,0.9997592366393312
0.5333333333333327,0,scripted,False,False,False,True,0.0,0.0,0.0,-8.814131882752577,15.486990467217888,-6.646209771507847,-7.2,16.50862068965517,-4.499999999999998,-8.814131882752577,15.486990467217888,-6.646209771507847,6.351833967019335,29.915571828139225,23.56373786111989,-1.638047930418015,-93.85323305309142,-0.7529022663078591,-0.31621895184930077,-1.5810947592465041,26.89014170208247,-1.4904635520767995,29.925267414426298,-1.638047930418015,-6.872502217962497,-2.9904301260567547,-0.035,-0.034213612735727324,-0.0,0.07044989527374551,0.003936865820985598,0.9986229459614924,-63.442716319044024,-58.466943452511764,0.45576289294388217,26.113290224357215,0.8370293283673665,0.3515523179142939,1.7577615895714698,-62.15496784513755,0.43674314292898586,-63.46842914820039,0.45576289294388217,5.041722418250708,1.2427484739064723,0.045,0.03119620552658841,0.0,0.04710464831733253,0.0007129482386383717,0.9997516106234731,0.3710274754026671,0.0,0.0016288957644030129,0.09332885256702872,-0.08585208339634957,-0.03605787502646682,-0.18028937513233412,0.23675484076795156,-0.053465933607967434,0.37762119824482887,0.0016288957644030129,-0.4237135517616431,-0.07427263463471558,-0.06,-0.011975146641723307,-0.0,0.035339192498846456,1.8089225741249228e-06,0.9999993790240989,85.97787323332318,88.87697199448795,0.6078668875913269,34.82820716473626,0.39813187733486727,0.16721538848064424,0.8360769424032213,87.2594691794085,0.6004254608179238,85.9928198511236,0.6078668875913269,3.1459734125401937,1.2415959460853059,0.04,0.024014365060804753,0.0,0.04857923731373678,0.0006991976973718145,0.999755527219561
0.5666666666666659,0,scripted,False,False,False,True,0.0,0.0,0.0,-7.937300619318743,15.95396073238979,-6.097732433889642,-7.200000000000003,16.52478448275862,-4.499999999999997,-7.937300619318743,15.95396073238979,-6.097732433889642,4.06277908600191,26.713299893084535,23.543198142401906,-1.6881437759390558,-96.72351357258638,-0.07351169444184441,-0.030874911665574652,-0.15437455832787328,24.19932598893979,-1.4469084965869738,26.768698106688394,-1.6881437759390558,-3.593321561752101,-2.478973904144747,-0.035,-0.034883242788059154,-0.0,0.06902541728464485,0.003940930852969033,0.9986205947131793,-62.473380621254016,-58.410601535252106,0.543181803858753,31.122024869409444,0.6416777544083045,0.2695046568514879,1.3475232842574396,-61.20647877254916,0.5455172706302491,-62.54864403284664,0.543181803858753,4.237869659500035,1.221901848704853,0.045,0.03247500334029583,0.0,0.04815534234291901,0.0007329384311663871,0.9997441359516847,0.36006941197773745,0.0,-0.010357968337363452,-0.5934678700610643,-0.06789170195616678,-0.028514514821590047,-0.14257257410795024,0.23254342515208987,-0.024286147616768422,0.3437377134008427,-0.010357968337363452,-0.3569085609713301,-0.06752598682564757,-0.06,-0.012065265842991679,-0.0,0.03544962973087644,1.99941068034926e-06,0.9999993077830583,87.16593347679219,88.7864419163892,0.6257682984154767,35.85388245228985,0.12087355454904554,0.050766892910599125,0.25383446455299563,88.19543926129333,0.521646284781454,87.26397029321852,0.6257682984154767,1.8023983280215898,0.9895057845011488,0.04,0.024260024158406078,0.0,0.047947057234556126,0.0007010635249696367,0.9997546361952457
0.5999999999999991,0,scripted,False,False,False,True,0.0,0.0,0.0,-7.048366580430407,16.361608866343193,-5.518302233966125,-7.200000000000003,16.54094827586207,-4.500000000000002,-7.048366580430407,16.361608866343193,-5.518302233966125,3.022361361469237,23.545978312074634,23.5226921668306,-1.616834492324809,-92.63779258138865,0.5387533259347727,0.2262763968926045,1.1313819844630226,21.66212299137546,-1.3143589489181506,23.629652532943595,-1.616834492324809,-0.4161837085179638,-1.8488553206991747,-0.035,-0.03432328088320259,-0.0,0.0692608088676918,0.003943140056758376,0.9986202924565666,-61.37659056857046,-58.35422920710122,0.5937253459865051,34.01795651497131,0.4201384047455202,0.1764581299931185,0.8822906499655925,-60.2034545089972,0.6335118616198798,-61.309160344837764,0.5937253459865051,3.230471456896776,1.1281360595732608,0.045,0.033242876901147175,0.0,0.04837500122239268,0.0007425226341743806,0.9997403922954466,0.3293576702497547,0.0,-0.021263269380868522,-1.2182955941735174,-0.05756499022585709,-0.02417729589485998,-0.1208864794742999,0.1998981479794014,-0.012144469253878055,0.33516640438669215,-0.021263269380868522,-0.32593640447531813,-0.06945952227035332,-0.06,-0.012137047321419635,-0.0,0.035630854638424005,2.1463312040460674e-06,0.9999992542153197,88.33286853948651,88.69582020776099,0.5928659826179616,33.968718620885625,-0.125430492178648,-0.052680806715032155,-0.2634040335751608,89.0673577775843,0.43385130476117695,88.31797707030562,0.5928659826179616,0.5141789516536646,0.6944892380978024,0.04,0.023989130720740284,0.0,0.04730528569585441,0.0007008846744474092,0.9997547006528676
0.6333333333333323,0,scripted,False,False,False,True,0.0,0.0,0.0,-6.218603515851326,16.686812035251236,-4.946987145434303,-7.200000000000002,16.55711206896552,-4.500000000000003,-6.218603515851326,16.686812035251236,-4.946987145434303,2.8647801085806357,20.6374397479828,23.502219856563435,-1.4365880716790034,-82.31043340604428,1.0628042573644598,0.4463777880930731,2.2318889404653657,19.53608766460458,-0.9787950174625548,20.57433239745536,-1.4365880716790034,2.5319843381068234,-1.1363520833782248,0.035,-0.03263923464408901,-0.0,0.06752749092416743,0.003968484470566053,0.9986128091597853,-60.22035772471029,-58.2978263232807,0.6079914229800276,34.83534251690884,0.1816398418336653,0.07628873357013942,0.38144366785069717,-59.20613412432494,0.5042600977460054,-60.20077034444056,0.6079914229800276,2.074535852465781,0.969223600385357,0.045,0.03352512394149767,0.0,0.04780854218043507,0.0007453417323405904,0.9997391682256664,0.27225414034368484,0.0,-0.03596155462674861,-2.060445304841854,-0.04763064145518323,-0.02000486941117696,-0.1000243470558848,0.13488040496323717,-0.1156060253136752,0.31618553480360867,-0.03596155462674861,-0.30321789379499753,-0.07737373538044769,-0.06,-0.012239508674279809,-0.0,0.035889340526303486,2.236920372504509e-06,0.9999992207790406,89.39085515687954,88.6051066323358,0.5173606091333255,29.642579389656984,-0.3419553067021009,-0.14362122881488237,-0.7181061440744119,89.7181406387424,0.2715885677143426,89.38768442612215,0.5173606091333255,-0.7030862627388373,0.36728548186284876,-0.04,0.023294165969044375,0.0,0.04656848113517401,0.0007029265229417411,0.9997541532998812
0.6666666666666655,0,scripted,False,False,False,True,0.0,0.0,0.0,-5.50964349754878,16.927462951839907,-4.4205433526035565,-7.199999999999999,16.573275862068964,-4.500000000000001,-5.50964349754878,16.927462951839907,-4.4205433526035565,5.31147457184116,18.170306562137718,23.481781133978878,-1.1690053455422098,-66.97907252780107,1.4516400181232716,0.609688807611774,3.0484440380588707,17.792099479039546,-0.8510860280459331,18.158450613732096,-1.1690053455422098,4.973320035997063,-0.413207083098171,0.035,-0.030063966585119874,-0.0,0.06356453554699874,0.004030155897031645,0.9985928394575508,-59.0782090273775,-58.24139273834454,0.5846465573022844,33.49778024027434,-0.02966707484731588,-0.012460171435872669,-0.062300857179363345,-58.256683165216,0.5097320430268404,-59.17099006816668,0.5846465573022844,0.9770689934609229,0.7765258621614929,0.045,0.03325614886061802,0.0,0.04679888498478611,0.000745268293694505,0.9997391408307154,0.1930664540606297,0.0,-0.04633895587069878,-2.655026598434009,-0.03290753938856743,-0.013821166543198319,-0.0691058327159916,0.0604167652360261,-0.04923863466106559,0.1647868422603269,-0.04633895587069878,-0.2507488258906385,-0.0726496888246036,-0.06,-0.012313513374023845,-0.0,0.036044306043801724,2.2732345168170085e-06,0.999999206107548,90.26505715642878,88.51430095242979,0.4069799129747071,23.31823136005225,-0.48498122241945363,-0.20369211341617052,-1.0184605670808526,90.28810742279255,0.21377742595985794,90.2164336970446,0.4069799129747071,-1.625493596359197,0.0630502663637596,-0.04,0.022224998812778948,0.0,0.04487167405384934,0.0007094092870549104,0.9997520797573168
0.6999999999999987,0,scripted,False,False,False,True,0.18866231545476353,5.188213675005997,0.0,-4.970808549102973,17.09433115772738,-3.969697505317221,-7.200000000000001,16.589439655172413,-4.499999999999998,-4.970808549102973,17.0,-3.969697505317221,7.178518641951268,16.282857279724432,23.4613759216757,-0.8394329905757446,-48.095967544035176,1.7278332174070965,0.7256899513109805,3.628449756554903,16.63479370992194,-0.47613548862009747,16.30814063230728,-0.8394329905757446,6.974312877838093,0.3169364301975043,0.035,-0.026837836231104688,-0.006748324013432591,0.07145614075769113,0.00412753338951423,0.9985602072091201,-58.02113632683514,-58.18492830617452,0.5229400969203621,29.96226049169897,-0.232907072791965,-0.09782097057262529,-0.4891048528631265,-57.571909308928035,-0.08999017307630197,-57.992163045182615,0.5229400969203621,-0.15012907933518804,0.4942270179071036,-0.045,0.0324670566506212,0.02249441337810864,0.05978726093952945,0.0007457406248809026,0.9997390637465806,0.09465953810142388,0.0,-0.0528367672421734,-3.0273237660916177,0.006728248462406843,0.0028258643542108737,0.01412932177105437,0.019982724435013997,0.012352234106194192,0.051290231863424615,-0.0528367672421734,-0.06659601694254984,-0.01467681366640989,-0.06,-0.012369308902317203,-0.004498882675621728,0.049577412830502966,2.2830351690135665e-06,0.9999992009613204,90.9012432182372,88.42340292893357,0.27086085079269406,15.519183585744088,-0.6044062355268599,-0.25385061892128113,-1.2692530946064058,90.56326588786426,-0.03539053147237681,90.91279211647654,0.27086085079269406,-2.476175704458284,-0.2979773303729453,-0.04,0.020904030139161426,0.01799553070248691,0.056072458741029285,0.0007205461713210074,0.99974839672435
0.733333333333332,0,scripted,False,False,False,True,0.4105104914579343,11.289038515093193,0.0,-4.633487888078772,17.205255245728967,-3.626406269585015,-7.200000000000004,16.60560344827586,-4.500000000000002,-4.633487888078772,17.0,-3.626406269585015,8.36793762160257,15.073066520869672,23.44100414247224,-0.4695588475705609,-26.903740198819886,1.8648157268460204,0.7832226052753285,3.916113026376643,16.10438239911199,0.0036399314912571867,15.040638678412938,-0.4695588475705609,8.361551740777802,0.9963158782423148,0.035,-0.023173580280552213,-0.018577973721288284,0.088207180561295,0.004249747536424409,0.9985182432748286,-57.12762632794888,-58.128432879975726,0.42154262028780826,24.152613027377246,-0.3379572131123148,-0.14194202950717222,-0.7097101475358611,-56.97443550004694,0.1964148680766442,-57.18487230793737,0.42154262028780826,-0.8607790237741425,0.19819082790193704,-0.045,0.03110570024531767,0.06192657907096094,0.08179378989516244,0.0007485891547952116,0.9997381658592636,0.0007267602176891729,0.0,-0.04580916725216564,-2.624671946557994,0.012005817796050372,0.0050424434743411555,0.025212217371705783,-0.0026374271149887238,0.224325372727025,-0.05731911189410517,-0.04580916725216564,-0.031017178470582524,0.027652991137904627,-0.031017178470582524,-0.012331901028325334,-0.012385315814192189,0.07311500870832006,2.288197067377972e-06,0.9999991993180268,91.24758017819725,88.33241232130304,0.10816088748710244,6.197162361400326,-0.6295968850615485,-0.2644306917258504,-1.322153458629252,90.57204363767579,-0.12819585605280182,91.2269257827053,0.10816088748710244,-2.90841323550886,-0.6355365405214712,-0.04,0.019300718831401185,0.049541263256768754,0.07656772549610986,0.0007343497218405712,0.9997436165729666
0.7666666666666652,0,scripted,False,False,False,True,0.5518439147297087,15.17570765506699,0.0,-4.5104525742170996,17.275921957364854,-3.4111581105987927,-7.200000000000001,16.62176724137931,-4.5000000000000036,-4.5104525742170996,17.0,-3.4111581105987927,8.838215670608868,14.58245004879688,23.420665719405747,-0.09281603895537521,-5.317967303264838,1.8008600535025994,0.7563612224710917,3.7818061123554587,16.118754038143805,0.15094857623594304,14.686922972351201,-0.09281603895537521,8.763644549375988,1.501303989346924,0.035,-0.01938767493484862,-0.024754185889961366,0.09279633560725381,0.004375350152009204,0.9984738918827997,-56.456885717375044,-58.071906312271814,0.2933198473168064,16.80598929867471,-0.4159128689910244,-0.17468340497623025,-0.8734170248811514,-56.58428101913689,0.17542039299857315,-56.546994197585,0.2933198473168064,-1.4933501962642992,-0.08239530176183948,-0.045,0.029343134582401377,0.08251395296653788,0.09186017182979825,0.0007537358739111304,0.9997364615683578,-0.06852894253786096,0.0,-0.028392778034121456,-1.62678635000691,0.04166871970847785,0.0175008622775607,0.0875043113878035,0.09702375388619067,-0.07459250149259401,-0.08985592682200855,-0.028392778034121456,0.14870049846397554,0.10555269642405163,0.06,-0.012217382590067017,-0.016502790593307576,0.08522504419670687,2.3266503840920082e-06,0.9999991884911827,91.28203027819248,88.24132888755004,-0.033434274079152206,-1.9156427958190683,-0.5652789543270671,-0.23741716081736816,-1.187085804086841,90.82685863803303,-0.0506380690928232,91.24883165304493,-0.033434274079152206,-2.8780033950165618,-0.4151716401594531,-0.04,-0.018228558412710465,-0.0660111623732303,0.08719591066981675,0.000747368021393753,0.999738932797872
0.7999999999999984,0,scripted,False,False,False,True,0.6043693166818116,16.62015620874982,0.0,-4.585033386330845,17.302184658340906,-3.3140168862858443,-7.200000000000003,16.637931034482758,-4.499999999999998,-4.585033386330845,17.0,-3.3140168862858443,8.633531605492015,14.76682897023967,23.400360575731685,0.23185555627388074,13.284344831151321,1.6489651212425425,0.6925653509218678,3.462826754609339,16.461859946370716,0.3131805806113297,14.69467768574952,0.23185555627388074,8.638052542997954,1.6600309761310448,0.035,0.019943757263838856,0.028313420054923304,0.10215311238261902,0.004485691088014012,0.9984344036036579,-56.051224512341676,-58.01534845490037,0.14788862059770397,8.47339379825993,-0.4506739887860546,-0.1892830752901429,-0.9464153764507146,-56.435922492099195,0.05152264863262701,-56.063260246451165,0.14788862059770397,-1.9422228094553151,-0.3396979797575172,-0.045,0.02733066944276515,0.09437806684974435,0.09619416248175089,0.0007609940198663262,0.9997339708650362,-0.10363973553605689,0.0,-0.013959135226101656,-0.7997995341080211,0.029067603063225218,0.01220839328655459,0.06104196643277296,-0.044559767298015314,-0.5159048194370663,-0.14413763823280767,-0.013959135226101656,0.12108542500568961,-0.0009200317619584167,0.06,-0.012799385784957257,0.01887561336994887,0.0920098356824516,2.3489321471975005e-06,0.9999991792181673,91.12380959854521,88.15015238423287,-0.1188643016980032,-6.810422822065288,-0.5594476896516326,-0.23496802965368568,-1.1748401482684285,90.57276017704102,-0.21434127287013993,91.1756815525861,-0.1188643016980032,-3.014670150499251,-0.5110494215041901,-0.04,-0.019093562130801867,-0.07550245347979548,0.09600215360684822,0.0007598743952846383,0.9997345444414943
0.8333333333333316,0,scripted,False,False,False,True,0.5691550704071133,15.651764436195617,0.0,-4.828772435558984,17.284577535203557,-3.330023952457184,-7.200000000000003,16.654094827586206,-4.5,-4.828772435558984,17.0,-3.330023952457184,7.866959426066771,15.513129208856242,23.380088634923013,0.5062913779520508,29.008359160515333,1.4202793918153875,0.5965173445624627,2.982586722812314,17.412439340094604,0.6593751980948737,15.645682704348529,0.5062913779520508,8.026130402854253,1.8643101312383603,0.035,0.022742139126924407,0.027231195645899545,0.10466064525018079,0.004572229553744329,0.9984029525881523,-55.92183877300098,-57.95875915900825,0.0061126921935583806,0.3502314641534605,-0.4338405055710005,-0.1822130123398202,-0.9110650616991011,-56.49200068297146,-0.17494056084205845,-55.93117581431318,0.0061126921935583806,-2.1299100754325426,-0.5251619099704858,-0.045,0.025334485027403666,0.09077065215299848,0.09113407551270955,0.0007677269835077986,0.9997315895562978,-0.1319585946064788,0.0,-0.01660426835544099,-0.951354498669397,0.033833952085415536,0.014210259875874525,0.07105129937937263,-0.10358140176789153,0.012948075687462882,-0.05530581723074437,-0.01660426835544099,0.14125044882301363,-0.03162280716141273,0.06,-0.0016472361318099309,0.018154130430599696,0.08991531220207011,2.4003015018044297e-06,0.9999991617334911,90.82001479156547,88.05888256644678,-0.1892496529694059,-10.843206389462425,-0.4796747687706397,-0.20146340288366865,-1.0073170144183434,90.23960223018894,-0.02643769496854631,90.65411100919468,-0.1892496529694059,-2.7495694776784445,-0.540412561376544,-0.04,-0.019814181638542285,-0.07261652172239878,0.09496050852536807,0.0007695221728359368,0.9997310304341844
0.8666666666666648,0,scripted,False,False,False,True,0.4550652006942215,12.514293019091092,0.0,-5.214007289920948,17.22753260034711,-3.4215375018711507,-7.2,16.670258620689655,-4.499999999999998,-5.214007289920948,17.0,-3.4215375018711507,6.635622401377933,16.72422741929157,23.359849820669503,0.7249766650268892,41.538103151510384,1.0817737516645831,0.4543449756991249,2.2717248784956245,18.659647667944313,0.6016329918022079,16.732173307496637,0.7249766650268892,6.763516026353207,1.9004202486527417,0.035,0.025018116155465373,0.022589524067348828,0.09854205911975181,0.004628461497185722,0.9983818696611392,-55.959608773040664,-57.90213827504672,-0.041069628534912896,-2.3531163812205635,-0.38129823938558643,-0.1601452605419463,-0.8007263027097316,-56.171167097587734,-0.04352926275939417,-56.009183688371586,-0.041069628534912896,-1.9786620792553766,-0.16655832454706931,-0.045,-0.025500225264292582,-0.07529841355782942,0.08236222013177301,0.0007733178713580108,0.9997295618000285,-0.1585360921459521,0.0,-0.014144750520224444,-0.8104345070743363,0.054043497225102495,0.022698268834543046,0.11349134417271524,-0.1353834210727993,-0.1893331129476677,-0.303459278974245,-0.014144750520224444,0.24600497132670326,-0.03684732892684719,0.06,0.0127079306697729,0.015059682711565884,0.08065495563519179,2.4280973560105238e-06,0.999999154940954,90.39316225063332,87.96751918781449,-0.24803411039231804,-14.211307700761775,-0.40555568666552844,-0.17033338839952195,-0.8516669419976097,89.77196259967752,-0.15347052026953634,90.35228901149026,-0.24803411039231804,-2.4955875295852445,-0.5811996509558117,-0.04,-0.02042346550159824,-0.060238730846263536,0.08658814350920663,0.0007766018747244252,0.9997284438864942
0.899999999999998,0,scripted,False,False,False,True,0.26641520902023785,7.326418248056541,0.0,-5.706085722034937,17.13320760451012,-3.562011523520048,-7.199999999999999,16.686422413793103,-4.500000000000002,-5.706085722034937,17.0,-3.562011523520048,5.05259573980825,18.287048317068823,23.339644056877074,0.8793766767483605,50.38457217992113,0.7206002180908276,0.3026520915981476,1.513260457990738,20.1557275502659,0.8647861619795538,18.373512631644818,0.8793766767483605,5.262510468394816,1.8336792331970777,0.035,0.02664246954390164,0.013056108060516072,0.0812733218634666,0.004656650623362352,0.9983709264265735,-56.090889806769574,-57.84548565276662,-0.09030909908020215,-5.174330228924369,-0.32195660563721445,-0.13522177436763005,-0.6761088718381504,-56.3858112888915,-0.2562745095143715,-56.11286013780402,-0.09030909908020215,-1.7739601593104422,-0.24992148212192802,-0.045,-0.026172387907938358,-0.04352036020172024,0.0640682431227691,0.0007776077577812087,0.9997279912372987,-0.18461361682691496,0.0,-0.013503409931112438,-0.7736883980877844,0.027172230844967858,0.0114123369548865,0.057061684774432506,-0.16010135566470352,-0.16621118931916726,-0.15804409302902708,-0.013503409931112438,0.11218675785152395,-0.035487738837788545,0.06,0.007645498308761697,0.008704072040344048,0.06147932800124357,2.4906162717717946e-06,0.9999991294492843,89.86538137747088,87.8760620004762,-0.2963161291459949,-16.97766360171895,-0.29365953904160974,-0.12333700639747609,-0.6166850319873804,89.22536716728577,-0.2878531340877366,89.83815448898878,-0.2963161291459949,-2.026572601553175,-0.6000142101851068,-0.04,-0.02090335367101496,-0.03481628816137619,0.0680873227719578,0.0007809261366359836,0.9997268009252708
0.9333333333333312,0,scripted,False,False,False,True,0.007325029877279121,0.20143832162517583,0.0,-6.261874713356832,17.00366251493864,-3.7499706911807396,-7.200000000000003,16.703862068965513,-4.5,-6.261874713356832,17.0,-3.7499706911807396,3.251765929276303,20.066114434782087,23.31788036405839,0.9624139909179704,55.14225982394164,0.33909477908468255,0.14241980721556666,0.7120990360778334,21.74994122307604,0.8463833423115474,19.97585671627794,0.9624139909179704,3.5256047962105934,1.6488267882939533,0.035,0.027555811061559552,0.0020332945921823858,0.059525921785169474,0.004664497452350312,0.9983675113661162,-56.31947921824688,-57.784325481391946,-0.1414977668533533,-8.10722485122326,-0.24724066824412796,-0.10384108066253374,-0.5192054033126687,-56.6978573955518,-0.1938020925887063,-56.34864522859933,-0.1414977668533533,-1.4986952729274057,-0.3333781773049136,-0.045,-0.0268981016970938,-0.006777648640607952,0.04277954690801801,0.0007802683352063732,0.9997269896533572,-0.21039740427436596,0.0,-0.01256120065185361,-0.7197037829681905,0.040494443078674655,0.017007666093043355,0.08503833046521678,-0.07180301806323147,0.408057025228609,-0.1719775029311468,-0.01256120065185361,0.1745937294295755,0.0785943862111345,0.06,-0.012106111112117622,-0.0013555297281215904,0.03946243620839711,2.5623639591462284e-06,0.9999991058266049,89.2544737355359,87.77728029754714,-0.33695863020833405,-19.30630738144695,-0.18929618275789142,-0.07950439675831439,-0.397521983791572,88.58977636919262,-0.38380236612216123,89.21006321194771,-0.33695863020833405,-1.583938090538728,-0.6246973663432798,-0.04,-0.02132400766553655,-0.005422118912486362,0.046481819584095356,0.0007826635317264751,0.9997261094545687
0.9666666666666645,0,scripted,False,False,False,True,0.0,0.0,0.0,-6.836140206661726,16.845760765813978,-3.9815436573688983,-7.200000000000003,16.728,-4.499999999999998,-6.836140206661726,16.845760765813978,-3.9815436573688983,1.3645198412086508,21.923300919666815,23.287820760875466,0.9698612634761136,55.56895711040684,-0.04635915484142122,-0.01947084503339691,-0.09735422516698455,23.290639699119208,0.8329647624386594,21.87999051028668,0.9698612634761136,1.624946768184287,1.3323387794523902,0.035,0.02772570797289499,0.0,0.05456279367967021,0.0046630050821986355,0.9983678471495716,-56.64386688608746,-57.699613123026296,-0.1902085933806276,-10.898149627829968,-0.15485946809643852,-0.06504097660050417,-0.32520488300252093,-57.03519196227336,-0.20577826179632552,-56.658082528830995,-0.1902085933806276,-1.1299687827178477,-0.34632507618590275,-0.045,-0.027587611599364133,-0.0,0.03935724139652841,0.000781379574445008,0.9997265392712867,-0.22996992800357619,0.0,-0.00832341532044168,-0.476896568995838,0.04450360192817571,0.018691512809833798,0.09345756404916898,-0.18052083211897288,-0.1594831111387856,-0.26448227030280586,-0.00832341532044168,0.20750902899876517,-0.010550904115396687,0.06,0.01817740604819668,0.0,0.035325409741866605,2.656552824937776e-06,0.9999990734218682,88.58184253089867,87.64037698011462,-0.3595350015254119,-20.599838174635718,-0.05986149951228568,-0.025141829795159984,-0.12570914897579993,88.00116994887857,-0.3017305877797938,88.59872660995032,-0.3595350015254119,-0.9830902488411349,-0.5406725820201167,-0.04,-0.021577129184672222,-0.0,0.04240449110019497,0.0007828349737416116,0.9997259961197715
0.9999999999999977,0,scripted,False,False,False,True,0.0,0.0,0.0,-7.383299647771425,16.671368622295123,-4.241304745187622,-7.200000000000001,16.752137931034483,-4.500000000000002,-7.383299647771425,16.671368622295123,-4.241304745187622,0.5743349829618722,23.718191500295294,23.257834259461905,0.9062105038533452,51.922037221220506,-0.4018496436422753,-0.16877685032975562,-0.8438842516487782,24.617336877288754,0.521795477368352,23.675432025613517,0.9062105038533452,-0.2611737886088554,0.93414537699346,-0.035,0.02718516186170511,0.0,0.054559387375789324,0.004663469789532834,0.9983679479574826,-57.04049379381995,-57.61482877678182,-0.21801678938335828,-12.491441894659003,-0.036069339872208166,-0.01514912274632743,-0.07574561373163716,-57.3825505231795,-0.17857042335366557,-57.07544642554084,-0.21801678938335828,-0.5920706477834125,-0.2970567293595593,-0.045,-0.028015114279720674,-0.0,0.039489154858639346,0.0007813006086046711,0.999726529407942,-0.2372897483678168,0.0,-0.0012999127863572272,-0.07447951639336017,0.03488581212264751,0.014652041091511955,0.07326020545755978,-0.18347191752037184,-0.04564467044432741,-0.2697315520478155,-0.0012999127863572272,0.17306368263835664,-0.006182169152555055,0.06,0.01599626692907927,0.0,0.035150590441879466,2.7387582070845276e-06,0.9999990433855744,87.8913934167443,87.50326246289119,-0.36063707836578557,-20.662982526288243,0.04211205492194154,0.017687063067215444,0.08843531533607724,87.41143181689817,-0.32002867787129574,87.91551938730709,-0.36063707836578557,-0.4790339415131161,-0.43996159984611927,-0.04,-0.021617241527814232,-0.0,0.042363141763465506,0.0007824750963778961,0.9997261190920499
1.033333333333331,0,scripted,False,False,False,True,0.0,0.0,0.0,-7.865342945243601,16.49777258857808,-4.509262608056923,-7.200000000000003,16.776275862068957,-4.499999999999997,-7.865342945243601,16.49777258857808,-4.509262608056923,2.098641348093871,25.326561957939177,23.227920609845306,0.7839526048646328,44.91717559703055,-0.6721738149759676,-0.2823130022899064,-1.411565011449532,25.81563502975109,0.6518951180752364,25.286638130908372,0.7839526048646328,-1.838280897228683,0.5240730718119145,-0.035,0.026022455736188537,0.0,0.05307967286506397,0.004673430439266053,0.9983649415877923,-57.47079434070677,-57.52997193082647,-0.22802372558865727,-13.064797105079295,0.07896425350866462,0.03316498647363914,0.1658249323681957,-57.736906198163496,-0.14010094172187237,-57.52819790287688,-0.22802372558865727,-0.041202663961849864,-0.2249091934948772,-0.041202663961849864,-0.028201478285359995,-0.0,0.03984248970287552,0.0007809694116537197,0.9997266534934866,-0.22942447077614014,0.0,0.007272180507745777,0.4166652509511371,0.04980224712270101,0.02091694379153442,0.10458471895767213,-0.13052927877970422,0.11222228849350022,-0.20057491140398395,0.007272180507745777,0.2624142912484641,0.03889519199643593,0.06,0.012042861881500716,0.0,0.03532330877845028,2.8150139949716254e-06,0.9999990187831685,87.22336177037678,87.36593589619751,-0.3397837404822693,-19.468174276802486,0.13717500741763028,0.05761350311540472,0.2880675155770236,86.94358462683297,-0.3780655350739792,87.17994957729081,-0.3397837404822693,0.03447335705068477,-0.31425050059448717,0.03447335705068477,-0.02141947410966148,-0.0,0.04228558555042264,0.0007825089683943281,0.999726135418376
1.0666666666666642,0,scripted,False,False,False,True,0.0,0.0,0.0,-8.253805748060355,16.343423142408067,-4.768064330119245,-7.200000000000001,16.80041379310344,-4.499999999999998,-8.253805748060355,16.343423142408067,-4.768064330119245,3.449239635269052,26.647319198376582,23.19807956310753,0.613480503525288,35.14984366555963,-0.8986020902483435,-0.3774128779043042,-1.8870643895215213,26.694010428110253,0.3967359043208507,26.719133937562354,0.613480503525288,-3.2887109926114864,0.08169122973367174,-0.035,0.02437121862594466,0.0,0.05047890324996413,0.004696151705943121,0.9983575767478777,-57.903086384816405,-57.445042069694644,-0.22344954332182046,-12.802715766465962,0.16120086148605706,0.06770436182414397,0.33852180912071983,-58.014541866012266,-0.1893199786413291,-57.88123792625856,-0.22344954332182046,0.3792250534687408,-0.15645548119585362,0.045,-0.02814303875063774,-0.0,0.040044708228886616,0.0007811826175602706,0.9997266115247548,-0.20811819183786393,0.0,0.013856158466951322,0.7938994004207717,0.03274501286463482,0.013752905403146623,0.06876452701573313,-0.1273469485505319,0.02152445407349858,-0.2144105567797407,0.013856158466951322,0.18821684115517362,0.020771243287332007,0.06,0.013601259766203378,0.0,0.03539406964385558,2.8635590867220922e-06,0.9999989994630595,86.61330093493119,87.22839642267954,-0.3023293938998929,-17.32219829321208,0.2336977071709304,0.09815303701179078,0.4907651850589539,86.49045324152671,-0.2023687420548015,86.57743908091953,-0.3023293938998929,0.5830832427373805,-0.1628476934044794,0.04,-0.021077704905668723,-0.0,0.04188122254646547,0.0007835365208125714,0.999725834944981
1.0999999999999974,0,scripted,False,False,False,True,0.0,0.0,0.0,-8.529108748156357,16.226097765929545,-5.00331934549003,-7.199999999999999,16.82455172413793,-4.5,-8.529108748156357,16.226097765929545,-5.00331934549003,4.438111724866516,27.606422596246244,23.168310871379727,0.4123542615341733,23.626158850141877,-1.0305596506573917,-0.4328350532761045,-2.1641752663805227,27.247438626608165,0.19291300694525226,27.586354914377736,0.4123542615341733,-4.3288829294862845,-0.3239839696380773,-0.035,0.022388450856742376,0.0,0.04692765541160272,0.004729902632739463,0.9983461841050351,-58.30993677716415,-57.36003867424858,-0.2023806344191156,-11.595556207395367,0.26162504937026676,0.10988252073551204,0.5494126036775602,-58.31540904735552,-0.1428532595975618,-58.260457288106366,-0.2023806344191156,0.9190681939424873,-0.05047227019136572,0.045,-0.027880566022706096,-0.0,0.0399819878647047,0.0007826468602496786,0.9997261692197091,-0.1722234080806618,0.0,0.021245395411605434,1.2172714911715958,0.019206464742687848,0.008066715191928897,0.040333575959644485,-0.09411430917983625,0.01647331428710208,-0.23816889059032534,0.021245395411605434,0.13765046994898164,0.018109098900825574,0.06,0.012150455874270933,0.0,0.035493502425170284,2.8914913839084945e-06,0.9999989885231118,86.08709015560984,87.0906431772311,-0.25356795677257715,-14.52837374282437,0.28199087035707526,0.1184361655499716,0.592180827749858,86.08370378044857,-0.15897338654589532,86.04313545819689,-0.25356795677257715,0.9170763100296404,-0.04338637516126411,0.04,-0.020602325319357163,-0.0,0.04107846938672682,0.000785677753834553,0.9997251266456527
1.1333333333333306,0,scripted,False,False,False,True,0.0,0.0,0.0,-8.683061022362859,16.15844852664357,-5.201728119880005,-7.200000000000001,16.848689655172407,-4.5,-8.683061022362859,16.15844852664357,-5.201728119880005,5.023608953103597,28.162223240940946,23.13861428783735,0.19643066765855097,11.254648223771888,-1.075537855499024,-0.45172589930959006,-2.2586294965479508,27.450859727908203,-0.02854215348840672,28.127188979109885,0.19643066765855097,-4.964939373759551,-0.6763635130327467,-0.035,0.0202377482023228,0.0,0.04276981997995325,0.004770148491434945,0.9983322537893088,-58.66419106001817,-57.27496122163941,-0.17016163411434296,-9.749543469801182,0.340669778680534,0.14308130704582428,0.7154065352291215,-58.563663223388396,-0.08796988801849537,-58.64318512800186,-0.17016163411434296,1.3713260966561207,0.05552783662977773,0.045,-0.0274638273503092,-0.0,0.03961991046328877,0.0007856481322145742,0.9997251974295415,-0.12738027257448659,0.0,0.0256302002916009,1.4685023047837034,0.010228912220200396,0.004296143132484166,0.02148071566242083,-0.05493641131964033,-0.008014587727399481,-0.13588620858277048,0.0256302002916009,0.10039706824704295,0.012443861254846247,0.06,0.012176680956569015,0.0,0.03554913583518988,2.9071699103628827e-06,0.9999989825983138,85.66495125147364,86.95267528691566,-0.19485244206030367,-11.164222557872806,0.32292131813449537,0.13562695361648805,0.6781347680824403,85.78812956501396,-0.1683664781766403,85.71637889524386,-0.19485244206030367,1.2317525505416176,0.08317831354033571,0.04,-0.020023210961741172,-0.0,0.040050339263114985,0.0007889058308329035,0.9997240376869385
1.1666666666666639,0,scripted,False,False,False,True,0.0,0.0,0.0,-8.715796216986735,16.14694012912546,-5.354373604521058,-7.199999999999998,16.872827586206892,-4.500000000000004,-8.715796216986735,16.14694012912546,-5.354373604521058,5.19624012568832,28.30522969238348,23.10898956669516,-0.01709685989788666,-0.9795779150753732,-1.048196068790632,-0.4402423488920654,-2.2012117444603274,27.38087097097242,0.16410642856987234,28.32089663940742,-0.01709685989788666,-5.241643311184506,-0.8893587214110574,-0.035,-0.017929426259945497,-0.0,0.03908549458649571,0.004810671688151798,0.9983179737453483,-58.94621635245641,-57.18980918526748,-0.12779694950500892,-7.322225841283506,0.39329069475885126,0.1651820917987175,0.8259104589935877,-58.74497999313012,-0.09961117157024191,-58.91608751886907,-0.12779694950500892,1.7170816878681139,0.15623635932628127,0.045,-0.02687025100571163,-0.0,0.038960548614238935,0.000790401115723456,0.9997235976413482,-0.07655349796957182,0.0,0.027277381571852187,1.5628788402350577,0.012000044049124255,0.005040018500632187,0.025200092503160937,0.0006370457041598776,0.04152647295880241,-0.11654909827503838,0.027277381571852187,0.1111747317908928,0.01719054367373171,0.06,0.01218704545202319,0.0,0.035588404931612486,2.912980871469605e-06,0.9999989806294477,85.35733706663355,86.8144918708865,-0.13362483466323116,-7.656139064336573,0.3395501397376764,0.14261105868982407,0.7130552934491204,85.5863735082187,-0.08115699651938257,85.30643393435379,-0.13362483466323116,1.4307513901845887,0.1890364415851494,0.04,-0.0194197382873341,-0.0,0.03888517576375633,0.0007926621481678416,0.9997227411072408
1.199999999999997,0,scripted,False,False,False,True,0.0,0.0,0.0,-8.64089391450784,16.188483078528574,-5.454366655697053,-7.2,16.896965517241373,-4.500000000000001,-8.64089391450784,16.188483078528574,-5.454366655697053,4.992782076900728,28.072218540103098,23.07943646320237,-0.20035359854668533,-11.479415606983494,-0.9339660393631236,-0.3922657365325119,-1.9613286826625596,26.97983758538518,-0.2537893045393069,28.129505150304187,-0.20035359854668533,-5.022189933195605,-1.057380954717915,-0.035,-0.0197865124702821,-0.0,0.042342664968659155,0.004845089279000434,0.9983055524165915,-59.136937857934385,-57.10458203474214,-0.07783057898956805,-4.459363693161828,0.4347172214561325,0.18258123301157564,0.9129061650578782,-58.832421559624535,0.0029026212007288166,-59.11604204322248,-0.07783057898956805,2.017916213075732,0.25951629830984535,0.045,-0.026181085538897246,-0.0,0.038109173084991836,0.0007966407485513971,0.9997214703489236,-0.02784091656841152,0.0,0.02537819550799594,1.4540634942660315,-0.005014705724695378,-0.002106176404372059,-0.010530882021860293,-0.012845024203075565,0.028664665338810347,-0.051195818554693455,0.02537819550799594,0.023303930860903405,-0.008308038495567448,0.023303930860903405,0.012177840799647661,0.0,0.03552547357346241,2.9138365704507383e-06,0.9999989801334037,85.1661408950476,86.6760920403061,-0.07362367287021859,-4.218325727715345,0.33640602542492676,0.14129053067846922,0.7064526533923462,85.47939283146492,0.022627217778925512,85.13778128130942,-0.07362367287021859,1.531086099401189,0.2732519364173158,0.04,-0.018815649971442926,-0.0,0.037673923548207686,0.0007965478473273598,0.9997213775110981
1.2333333333333303,0,scripted,False,False,False,True,0.0,0.0,0.0,-8.474859398411558,16.27475648451814,-5.499234035511101,-7.200000000000001,16.921103448275854,-4.500000000000002,-8.474859398411558,16.27475648451814,-5.499234035511101,4.467811538442778,27.517766272080436,23.04995473363766,-0.3566307389235223,-20.43343618494976,-0.7896071440506723,-0.33163500050128236,-1.658175002506412,26.322470554168326,-0.43367239530839097,27.5232213518406,-0.3566307389235223,-4.6051109374974155,-1.1602957179121103,-0.035,-0.02138167644420365,-0.0,0.04495264029293714,0.004870163457008267,0.998296364467962,-59.228223692058585,-57.019279235840955,-0.024448598438938988,-1.400801505561337,0.456125581192073,0.19157274410067066,0.9578637205033534,-58.83057439898408,0.01402028241386688,-59.210641955996145,-0.024448598438938988,2.227866132679572,0.3526492930745055,0.045,-0.025431627226637166,-0.0,0.03711799190160761,0.0008037124249136098,0.9997190266390857,0.014349470613243938,0.0,0.01913799555252932,1.0965263735000699,-0.004367540088206453,-0.0018343668370467102,-0.009171834185233551,0.014007091377096102,0.3429980126838874,-0.002332120552443569,0.01913799555252932,0.01609939619220352,-0.016441775428351353,0.01609939619220352,0.012134447206884955,0.0,0.03539835826850847,2.9145731927597722e-06,0.9999989798655294,85.08952032496381,86.53747489826425,-0.015090946735935072,-0.8646475568258053,0.30977763014036486,0.13010660465895324,0.6505330232947663,85.46129083980759,0.05821987255435701,85.11115597473652,-0.015090946735935072,1.5108668554365898,0.3317705148437745,0.04,-0.018221490598780563,-0.0,0.03640816761379143,0.0007998731522566465,0.9997201851274854
1.2666666666666635,0,scripted,False,False,False,True,0.0,0.0,0.0,-8.236194448479555,16.395321866534868,-5.4969426157351915,-7.200000000000003,16.945241379310346,-4.500000000000002,-8.236194448479555,16.395321866534868,-5.4969426157351915,3.6833331305722083,26.70387726587656,23.020544135304352,-0.47432229481172217,-27.176665621671663,-0.5560921992373774,-0.2335587236796985,-1.1677936183984925,25.538410245571765,-0.3630274684237689,26.654143652118496,-0.47432229481172217,-3.66996921385499,-1.1304670203047928,-0.035,-0.022620371437348127,-0.0,0.046472489464939364,0.004884739648721486,0.9982907428622821,-59.229160848176676,-56.93390025046822,0.015296459378603801,0.8764225638873037,0.4591890231184346,0.19285938970974253,0.9642969485487127,-58.86141926166141,0.06836298696338616,-59.19431889705659,0.015296459378603801,2.3220007994092935,0.3227415865152624,0.045,0.025149580230550878,0.0,0.036945889984423635,0.0008110122559642268,0.9997164761709916,0.04419427621872082,0.0,0.013833873299379273,0.7926225543731515,-0.010010002674482595,-0.00420420112328269,-0.02102100561641345,-0.00839103166543974,-0.023908738204543027,0.061383659264874026,0.013833873299379273,-0.02092384113278697,-0.03166146675137358,-0.02092384113278697,0.01210612372923105,0.0,0.03531242747553931,2.9243505855412622e-06,0.9999989765773659,85.10222261804026,86.39863953969474,0.020073773212574513,1.1501424839832874,0.2550748822644721,0.10713145055107828,0.5356572527553914,85.38431931673419,0.012949779872428735,85.10088841799003,0.020073773212574513,1.3106982279325115,0.24209669869392217,0.04,0.01816796193285214,0.0,0.03631245718662461,0.0008022664786868295,0.9997192963166688
1.2999999999999967,0,scripted,False,False,False,True,0.0,0.0,0.0,-7.943997794220602,16.538936759039697,-5.463516374159218,-7.200000000000001,16.969379310344824,-4.499999999999997,-7.943997794220602,16.538936759039697,-5.463516374159218,2.7156528514055225,25.706857277931082,22.99120442652556,-0.5532283477915759,-31.69764943545296,-0.3708983195417663,-0.15577729420754183,-0.7788864710377092,24.58600578621898,-0.5422840973196896,25.672636538349284,-0.5532283477915759,-2.9003682692528168,-1.0858514917120978,-0.035,-0.023454560511571822,-0.0,0.047389203811337835,0.004890361203905052,0.9982884913228273,-59.16426020896764,-56.84844453661304,0.04796275352675017,2.748063350908989,0.4407630671255223,0.18512048819271937,0.9256024409635969,-58.76326743891303,0.0943474249628018,-59.14931881733589,0.04796275352675017,2.296451292544783,0.35599277005460384,0.045,0.025626075660721375,0.0,0.03753340888169758,0.0008182030865668479,0.9997139317990621,0.07210653678768518,0.0,0.015336109906090066,0.8786943717677341,-0.016402743415385675,-0.006889152234461983,-0.03444576117230992,0.047595212556305284,0.13178501359746642,0.10494425252983544,0.015336109906090066,-0.05562282720067393,0.031111502969294037,-0.05562282720067393,-0.00960850859470767,-0.0,0.035365303424605324,2.9347431100075296e-06,0.9999989732189499,85.16420262123695,86.25958505129138,0.04104270188632426,2.3515735979000025,0.19272535294834917,0.08094464823830665,0.40472324119153325,85.4143003387657,-0.0452279058842997,85.11550246433426,0.04104270188632426,1.0401025341676147,0.21009771752874598,0.04,0.018385597284588776,0.0,0.03650915886968488,0.0008038017802906833,0.9997187127594573
1.33333333333333,0,scripted,False,False,False,True,0.0,0.0,0.0,-7.620749146366382,16.693392429569933,-5.402441575130753,-7.200000000000001,16.99351724137931,-4.499999999999996,-7.620749146366382,16.693392429569933,-5.402441575130753,2.2714440469987593,24.60749863644128,22.961935366639295,-0.5869510989140007,-33.629820748337956,-0.12803695346173372,-0.05377552045392816,-0.2688776022696408,23.64650499534453,-0.4844522851308808,24.544384901224422,-0.5869510989140007,-1.7598861577182452,-0.9259936410967525,-0.035,-0.02385445076127639,-0.0,0.04719629681207192,0.004890073649412683,0.9982883916098101,-59.03435559530517,-56.76291154830641,0.08194385661612344,4.695037141129041,0.4126171131192961,0.17329918751010437,0.8664959375505219,-58.60548925022005,0.06092934700433261,-59.06505007750223,0.08194385661612344,2.219630007815471,0.3838663450851146,0.045,0.026101738436701525,0.0,0.0381125096791771,0.0008249476744893794,0.9997115313251281,0.09941761184643352,0.0,0.014269285166626787,0.8175698167163445,-0.013757513025778276,-0.005778155470826876,-0.02889077735413438,0.08482552150628249,-0.01978425084888845,0.08371457104386605,0.014269285166626787,-0.04158489858050191,0.026992808240350875,-0.04158489858050191,-0.007694325100942988,-0.0,0.0353345196784246,2.9432541547560313e-06,0.9999989701079721,85.25980283512986,86.12031051142189,0.055459525879436686,3.1775967666882874,0.14225306821894457,0.05974628865195672,0.2987314432597836,85.48024233258897,-0.019798351643505185,85.22904286640289,0.055459525879436686,0.8182911817146922,0.18043949745910803,0.04,0.018548874745878415,0.0,0.03661723718979925,0.0008046008294561621,0.9997184051176242
1.3666666666666631,0,scripted,False,False,False,True,0.0,0.0,0.0,-7.290012435168775,16.84731909515888,-5.3199838309327205,-7.200000000000003,17.017655172413786,-4.5,-7.290012435168775,16.84731909515888,-5.3199838309327205,2.17008787828658,23.48803636963492,22.932736715993727,-0.5801423815557958,-33.23970997981535,0.08129999145982372,0.03414599641312596,0.17072998206562984,22.71694739718605,-0.45840073272976234,23.48381057958603,-0.5801423815557958,-0.7059625242926243,-0.7360889724488711,-0.035,-0.023835585915117467,-0.0,0.04689320474347243,0.0048876925407265225,0.9982892088733658,-58.847388613864744,-56.677300735578164,0.10945587936268704,6.271359930375055,0.3890597580087916,0.16340509836369246,0.8170254918184624,-58.39653874324131,0.08974207364042641,-58.815352325855635,0.10945587936268704,2.1531567508897043,0.4058498706234365,0.045,0.026489591083592536,0.0,0.038578616722999434,0.0008309789458326085,0.9997093890169927,0.1266422138036032,0.0,0.013316739993138982,0.7629929984799365,-0.03265824739529126,-0.013716463906022328,-0.06858231953011165,0.0865961073580461,0.007506830271163303,0.15280016816483427,0.013316739993138982,-0.13735424559344867,0.019953893554442898,-0.06,-0.01385946404929345,-0.0,0.03538297139770311,2.9721586839636154e-06,0.9999989614413802,85.37084508359034,85.98081499004145,0.05823505584146521,3.3366229194246273,0.10172732933369114,0.04272547832015028,0.2136273916007514,85.55467819750564,0.02922737764807337,85.39911826517795,0.05823505584146521,0.622272505047976,0.1438331139152979,0.04,0.01858253907262621,0.0,0.03652801300730678,0.0008047774182321924,0.9997183269581862
1.3999999999999964,0,scripted,False,False,False,True,0.32720172536799164,8.99804744761977,0.0,-6.9770667787011185,16.991388733519603,-5.225212892425034,-7.200000000000001,17.04179310344827,-4.5000000000000036,-6.9770667787011185,17.0,-5.225212892425034,2.0234125576784123,22.42859598442687,22.903608235942304,-0.5285548535177715,-30.28396234772376,0.2614773816686621,0.10982050030083806,0.5491025015041904,21.986237018707254,-0.47292945510104545,22.45806249509371,-0.5285548535177715,0.2843331752276642,-0.4773589657196193,0.035,-0.0233719054103727,-0.014085490181365975,0.07467592522476117,0.004886741144217742,0.9982896440076504,-58.6150241020911,-56.591611544412686,0.12709466094271543,7.281987670663779,0.3731647283229557,0.1567291858956414,0.783645929478207,-58.234787507345786,0.1532774188968844,-58.509883073135896,0.12709466094271543,2.1110122123500097,0.33523659474531736,0.045,0.026763738683430748,0.04695163393788659,0.06704560475416825,0.000836011319989749,0.9997076075394647,0.14794532057234913,0.0,0.009364471471689388,0.5365446926984647,-0.041862301489632436,-0.017582166625645622,-0.08791083312822812,0.10192782714765991,0.004886978944120997,0.18772634578913586,0.009364471471689388,-0.19010351325063746,0.01398250657531076,-0.06,-0.008276916954667913,-0.009390326787577317,0.06350777801177157,3.0074102755077644e-06,0.9999989502366843,85.4710202442266,85.8410975486043,0.04211301025797306,2.4128977503729985,0.04669395940539631,0.01961146295026645,0.09805731475133225,85.48643008462956,-0.06489315482316016,85.46895478288354,0.04211301025797306,0.32215972709137014,-0.024590159597016967,0.04,0.01846052412531235,0.03756130715030927,0.06418000470862498,0.0008046116790812171,0.9997183714642465
1.4333333333333296,0,scripted,False,False,False,True,0.34363744092281884,9.450029625377518,0.0,-6.706407467608456,17.11879514348233,-5.1368329510129715,-7.199999999999999,17.065931034482755,-4.500000000000001,-6.706407467608456,17.0,-5.1368329510129715,1.8629236618696439,21.508722142176147,22.874549688839114,-0.441311520697198,-25.285287586449723,0.4289471532136323,0.18015780434972556,0.9007890217486278,21.34263636897642,-0.35105091123774024,21.669823694229915,-0.441311520697198,1.284276603557545,-0.2010857731997247,0.035,-0.02253501772704279,-0.016782425830108676,0.07892303619278143,0.004889366843420353,0.9982889161455691,-58.36876707857419,-56.50584341670454,0.12766424112753125,7.314622211348007,0.357532536946204,0.15016366551740568,0.7508183275870285,-58.01558945113348,0.1933966531903586,-58.42700709007765,0.12766424112753125,2.036743360187618,0.30817762744070437,0.045,0.026788066853894753,0.05594141943369559,0.072395038400433,0.0008404265210732124,0.9997060432325668,0.16401048867016552,0.0,0.008266633837430003,0.47364322966477507,-0.038282539865856585,-0.016078666743659764,-0.08039333371829883,0.11627921602963952,0.01414173939466832,0.17434212763699555,0.008266633837430003,-0.17780490426476808,0.012268727359474001,-0.06,-0.004942065665844807,-0.011188283886739118,0.06886690769362973,3.059786220551638e-06,0.9999989314295272,85.51752619980746,85.70115723997442,0.012777415727873385,0.7320919942912237,0.04413789670729777,0.018537916617065064,0.09268958308532532,85.5722529528072,0.4416670242727605,85.58820511281827,0.012777415727873385,0.24794427671492097,0.014726752999749583,0.04,-0.024461949049975874,0.04475313554695647,0.06897803532015803,0.0008042830267040677,0.9997184861160457
1.4666666666666628,0,scripted,False,False,False,True,0.44484798629139277,12.233319623013301,0.0,-6.493554424582577,17.222423993145696,-5.0593852916401225,-7.2,17.090068965517233,-4.499999999999997,-6.493554424582577,17.0,-5.0593852916401225,2.062876413114509,20.78268442491952,22.84556083803403,-0.32822094436994276,-18.8056748601959,0.5445753318823973,0.22872163939060683,1.1436081969530343,20.889000317166985,-0.14698044354867879,20.78019213499567,-0.32822094436994276,2.0730735787049928,0.07131589224746322,0.035,-0.021441352705497043,-0.021007607454295443,0.08552454569556973,0.004895917699932815,0.9982868093328141,-58.131867747279735,-56.41999579021299,0.11991855896205962,6.87082731381673,0.30606412496828983,0.12854693248668173,0.6427346624334087,-57.853822645320356,0.02888139607049922,-58.15786938378972,0.11991855896205962,1.7663734318422366,0.23304510195936948,0.045,0.026697853939805456,0.0700253581809848,0.08050667224843311,0.0008437941138572318,0.9997048080239112,0.1763866051927161,0.0,0.0043461081252074065,0.24901365288189914,-0.04263324490994855,-0.01790596286217839,-0.08952981431089195,0.1228626268947687,-0.0018727826040746895,0.30075496272890073,0.0043461081252074065,-0.20305221378905977,0.006476021702052597,-0.06,-0.003936183708751671,-0.01400507163619696,0.07725439866005913,3.137805711588301e-06,0.9999989047030701,85.52442688029258,85.5609931083346,-0.001404553419729499,-0.08047498305116714,-0.01508574699570688,-0.00633601373819689,-0.03168006869098445,85.55802460419108,0.25762479501066693,85.5282451171489,-0.001404553419729499,-0.07819325388729403,0.07359772389849263,-0.04,0.017984907190300752,-0.05602028654478784,0.07709718364482729,0.0008038887896633194,0.9997186212628086
1.499999999999996,0,scripted,False,False,False,True,0.5901491059435386,16.229100413447313,0.0,-6.3522044611411355,17.29507455297177,-4.995963032713846,-7.200000000000002,17.114206896551725,-4.499999999999998,-6.3522044611411355,17.0,-4.995963032713846,2.5228477280533887,20.293793719814644,22.816641447868033,-0.19716732336471962,-11.29685548668958,0.6192612953092994,0.26008974402990576,1.3004487201495287,20.672317789642747,0.08694274560112181,20.288174893223417,-0.19716732336471962,2.6940475050392014,0.34352406982809974,0.035,-0.020152055287888857,-0.029596203698638534,0.10034740134781896,0.004905698025190793,0.9982835297294105,-57.928762460863595,-56.33406809851594,0.09615915510251194,5.509513748917809,0.31513826493292946,0.13235807127183036,0.6617903563591518,-57.729479657179105,0.16179447993161844,-57.85987153129563,0.09615915510251194,1.7693137722437062,0.1542828036844867,0.045,0.026386793215020417,0.09865401232879512,0.09724108430265921,0.0008464774516645176,0.9997038781163029,0.17957707630876496,0.0,-0.0012259483348193375,-0.07024166548623918,-0.034245326578893696,-0.014383037163135352,-0.07191518581567677,0.11753311294055464,-0.004560849506508452,0.20803766096040632,-0.0012259483348193375,-0.17394665752064492,-0.0020439633682103066,-0.06,0.005425959098784391,-0.019730802465759024,0.09433923110175521,3.2172926566728416e-06,0.9999988758145651,85.51520507921195,85.42060418909428,-0.0049677716337816836,-0.2846323482005001,-0.029560881281664623,-0.01241557013829914,-0.06207785069149571,85.5837920716031,-0.04768397020027848,85.662518084355,-0.0049677716337816836,-0.15836871240506423,0.10858699239115088,-0.04,0.01794280830226559,-0.0789232098630361,0.09439733740595865,0.0008034916654599917,0.99971876133382
1.5333333333333292,0,scripted,False,False,False,True,0.6650093800439549,18.28775795120876,0.0,-6.290861412734214,17.332504690021977,-4.954509125370065,-7.197680850929768,17.000000000000007,-4.498764249035568,-6.290861412734214,17.0,-4.954509125370065,2.8780604384665587,20.06939827562347,22.94745871409003,-0.055987571079612386,-3.2078515280504956,0.5896854140088722,0.24766787388372632,1.2383393694186318,20.63694374468697,0.018516160579209462,20.263698087156094,-0.055987571079612386,2.81569054599392,0.532545469063502,0.035,-0.018733795228442943,-0.034160193913751614,0.10654615858484145,0.004916767136683933,0.9982795961684211,-57.788429769866696,-56.74073350100539,0.05264571694640142,3.0163773904691573,0.19627125397004874,0.08243392666742047,0.4121696333371024,-57.76864046109115,0.04334196404053969,-57.74635303171769,0.05264571694640142,1.0945858820221137,-0.02521069122445914,0.045,0.025816407711885408,0.1138673130458387,0.10507427093061,0.0008476257430036671,0.9997033756700215,0.17208078839797136,0.0,-0.005786451722437995,-0.33153926205190276,0.012001594350855335,0.00504066962735924,0.025203348136796207,0.21510131680159567,0.4560719591000043,0.10413616062146192,-0.005786451722437995,0.05182829435283108,-0.008807765949206778,0.05182829435283108,-0.017627519494073342,0.022773462609167742,0.10347897969891934,3.3083852352941918e-06,0.9999988422291101,85.4968300604598,86.09043055318003,-0.010797088223676516,-0.6186275862470674,0.14395068438494008,0.06045928744167483,0.3022964372083742,85.49089722530145,-1.7852651825091215,85.61660031123105,-0.010797088223676516,0.7042599019578061,-0.045932835158354855,0.04,-0.0180884566947371,0.09109385043667097,0.10405043917906584,0.0008036069013793728,0.9997187538181505
1.5666666666666624,0,scripted,False,False,False,True,0.6700830195691623,18.427283038151963,0.0,-6.303363924419928,17.33504150978458,-4.943786199360758,-7.18764525394007,17.0,-4.493416814143247,-6.303363924419928,17.0,-4.943786199360758,2.827173202680566,20.091597610084886,22.91877081276545,0.05289125496617458,3.0304456827121595,0.5789663893291778,0.24316588351825466,1.2158294175912734,20.593606707105796,0.22369576537804026,20.090030880697853,0.05289125496617458,2.9818104337300153,0.4670090970209097,0.035,0.018417168014763452,0.03460672044528245,0.10733900309463545,0.0049269648994562446,0.9982760060089984,-57.74035650945791,-56.74420502211509,0.006667497608724439,0.38201947289347904,0.19668884965702788,0.0826093168559517,0.41304658427975854,-57.68863763199676,0.4380674486224123,-57.69721994771607,0.006667497608724439,1.00628473869833,0.006718877461138214,0.045,-0.031031599002019197,0.11535573481760816,0.10504925102008592,0.0008485879165669233,0.9997030391590299,0.15561274969945185,0.0,-0.01078642778323171,-0.6180167880018294,-0.0612765570889451,-0.02573615397735694,-0.1286807698867847,0.07919031704630926,-0.01645608559109734,0.058801139075781245,-0.01078642778323171,-0.32567017768453005,-0.016422432653142586,-0.06,-0.0024675044164033065,-0.02307114696352163,0.10464801429297577,3.3600754462324948e-06,0.9999988301069612,85.47314900250306,86.12312908198214,-0.011287679450991458,-0.6467363930383567,0.15740784046940434,0.06611129299714982,0.33055646498574914,85.47714860502234,-1.6332538986099898,85.45830195044373,-0.011287679450991458,0.7711176768589484,-0.03600039748073341,0.04,-0.01809184488298013,0.09228458785408652,0.10500136533840404,0.0008037998712793171,0.9997186929801902
1.5999999999999956,0,scripted,False,False,False,True,0.6278003927600224,17.264510800900617,0.0,-6.365244293798186,17.31390019638001,-4.953361567594054,-7.169820345863677,17.0,-4.483918870423714,-6.365244293798186,17.0,-4.953361567594054,2.591291627430948,20.276494693078433,22.86778632050938,0.12866963995555472,7.372227320921151,0.4738710945823438,0.1990258597245844,0.995129298622922,20.80313739827528,0.11020185524052373,20.250454188232233,0.12866963995555472,2.6065596658351287,0.4916427051968446,0.035,0.019207640391899622,0.032198409525974456,0.10366260861742552,0.004934473925819158,0.9982731947193857,-57.75461363988243,-56.75029023909216,-0.011095644461553544,-0.6357335986247249,0.19314645621195253,0.08112151160902006,0.40560755804510035,-57.343285250526165,1.6364392423199092,-57.70707473505436,-0.011095644461553544,0.9345993229754338,0.3663283893562698,0.045,-0.02524525430563472,-0.10732803175324819,0.10030854071336553,0.000849637756859597,0.9997026694079086,0.12976264383333228,0.0,-0.011891703430934403,-0.6813444178137821,-0.009538441620353864,-0.004006145480548623,-0.020030727402743115,0.14646102801790645,0.4049814934412319,0.13669073807306845,-0.011891703430934403,-0.07614241363965546,0.07669838418457413,-0.06,-0.012106230737775378,-0.021465606350649636,0.09966871898349744,3.4070321949762464e-06,0.9999988076127296,85.4482909694106,86.18109573295075,-0.006654173716632796,-0.3812560701099402,0.15402204898428595,0.0646892605734001,0.3234463028670005,85.88120304907319,1.7879991932261419,85.65655148576121,-0.006654173716632796,0.7423527580850476,0.3929120796625921,0.04,-0.018156528791605255,-0.08586242540259854,0.10007998127265402,0.0008042160946367103,0.9997185455491175
1.6333333333333289,0,scripted,False,False,False,True,0.5522736948819684,15.187526609254132,0.0,-6.466340546358229,17.276136847440984,-4.966183277821343,-7.144366071486772,17.0,-4.470355643930909,-6.466340546358229,17.0,-4.966183277821343,2.2015664709426233,20.593346736471915,22.794913207414538,0.19085841562772227,10.9353817000222,0.35869313560935084,0.15065111695592734,0.7532555847796368,21.120172454143244,0.07261326916389699,20.50971387216243,0.19085841562772227,2.152034132835954,0.49182571767132965,0.035,0.019847708719681487,0.02787008014644058,0.09583837551832615,0.004938914486216542,0.9982714818601266,-57.78191529639652,-56.75880089790421,-0.008837754712655247,-0.5063660454069993,0.22223846005736064,0.09334015322409146,0.46670076612045736,-57.3712656298614,1.466555232703719,-57.89351395427357,-0.008837754712655247,1.0834624930286993,0.36564966653512976,0.045,-0.025223837360918804,-0.09290026715480193,0.09171062417305342,0.00085104803589991,0.9997021957606689,0.10365040235963638,0.0,-0.013868889721532749,-0.7946288475761941,-0.022977455939690562,-0.009650531494670036,-0.04825265747335018,0.010671387555624029,-0.12372983772890477,0.04929540372617129,-0.013868889721532749,-0.14143950324477997,-0.03297901480401235,-0.06,0.012910495727476712,-0.018580053430960388,0.09109960042995358,3.4386396497354687e-06,0.9999987972719803,85.42819496983304,86.26362605769901,-0.012280687151006343,-0.7036315432732025,0.17449746785780762,0.07328893650027919,0.366444682501396,85.44000727381845,0.23309604474683,85.42069114887565,-0.012280687151006343,0.8554183710734665,-0.028187696014591167,0.04,0.003161931238955293,0.07432021372384155,0.09160897927825061,0.0008047617031148922,0.9997183656966032
1.666666666666662,0,scripted,False,False,False,True,0.4545452413651674,12.499994137542103,0.0,-6.595774093154434,17.227272620682584,-4.97917295020428,-7.111442375595518,17.0,-4.452812360718781,-6.595774093154434,17.0,-4.97917295020428,1.6964925983644221,21.004047612715148,22.70054021107957,0.23121093895885025,13.24741097959902,0.27260851791225316,0.11449557752314632,0.5724778876157317,21.526689966650196,0.34665220109057593,20.973272258881643,0.23121093895885025,1.798299988287475,0.48764235393504846,0.035,0.020264755360183143,0.022395688059755885,0.08538919674837539,0.004940153901669638,0.9982709581743999,-57.80806114668388,-56.76949662435769,-0.01284689420883705,-0.7360728180174217,0.20161674988741624,0.08467903495271481,0.42339517476357413,-57.7153470086129,-1.1677717240733898,-57.830172720178275,-0.01284689420883705,0.9895529922976982,0.047714138070992076,0.045,-0.027156313721930794,0.07465229353251962,0.080768373824715,0.0008522411072559306,0.9997017637059163,0.07658141969350196,0.0,-0.014820952941616164,-0.8491780519166086,-0.005344572980158163,-0.0022447206516664282,-0.011223603258332143,0.016621001224729783,-0.37360159602813126,0.22909952869622932,-0.014820952941616164,-0.05423730670271509,-0.005723111766057089,-0.05423730670271509,0.007666068289685886,-0.014930458706503924,0.08010688293898752,3.4500113780717822e-06,0.9999987924658412,85.40542756023967,86.36994382321923,-0.013102915170271307,-0.7507417385744863,0.20856430328613845,0.08759700738017814,0.43798503690089075,85.42475587736303,0.022399380920852252,85.36043787059658,-0.013102915170271307,1.0238384756870258,-0.020671682876651356,0.04,0.028410299423611014,0.059721834826015695,0.08079830693465341,0.0008056856439285088,0.9997180638748596
1.6999999999999953,0,scripted,False,False,False,True,0.34291359241773733,9.430123791487777,0.0,-6.741522020527963,17.17145679620887,-4.992861099562976,-7.071209202976096,17.0,-4.4313742468412745,-6.741522020527963,17.0,-4.992861099562976,1.1210554638903716,21.46984748658664,22.585038432859363,0.2510532751271847,14.38429309772437,0.1530252762625014,0.06427061603025058,0.32135308015125297,21.930383417477216,0.24837293252018444,21.40099503409382,0.2510532751271847,1.2432529596549113,0.42553593089057395,0.035,0.02049406397398881,0.01657882391960705,0.07372523218555244,0.0049390972151087025,0.9982712438751584,-57.8335477988048,-56.78208901195336,-0.01677402731181592,-0.961080970404226,0.21850595109195545,0.09177249945862129,0.45886249729310646,-57.79221963908593,-0.018611442786600207,-57.90128698106382,-0.01677402731181592,1.0683596302643485,-0.003671840281116152,0.045,0.02480579314465266,0.055262746398690166,0.06927350678220741,0.000853640067201411,0.999701285771337,0.049617808943460066,0.0,-0.012203406963726744,-0.699203714702101,-0.025913555420919696,-0.010883693276786273,-0.054418466383931365,-0.005872076231317047,-0.5625262024210638,0.07058624096257908,-0.012203406963726744,-0.1542841444375044,0.004510114825222884,-0.06,-0.006861605560539205,-0.011052549279738033,0.06849426439070622,3.457786042295262e-06,0.9999987908076777,85.37815126492956,86.49920672881993,-0.014891088071014582,-0.8531964988267419,0.20630607481463398,0.08664855142214627,0.43324275711073135,85.45480181330558,-0.08756904057573678,85.29058490584742,-0.014891088071014582,1.0070007218041082,0.0366505483760293,0.04,0.017853733895408966,0.04421019711895213,0.06919227701068666,0.000807024152059929,0.9997175938178208
1.7333333333333285,0,scripted,False,False,False,True,0.22304024587046456,6.133606761437775,0.0,-6.890678646114333,17.111520122935232,-5.004918227296405,-7.023826498414677,17.0,-4.406126528352347,-6.890678646114333,17.0,-5.004918227296405,1.289209536358726,21.951118515361657,22.44876293764446,0.25064306410592024,14.360789737496164,0.051888860721433214,0.02179332150300195,0.10896660751500975,22.334016923687653,0.3352814206268384,21.833227567340465,0.25064306410592024,0.738084303242256,0.3478984083259935,0.035,0.020507507349579932,0.01173358505306984,0.0636653487479775,0.0049368067546470724,0.998272011319177,-57.86047291639211,-56.79624565610096,-0.014815372409720935,-0.8488583109915738,0.22366677660409573,0.0939400461737202,0.4697002308686011,-57.797177780080574,-1.0281437360461254,-57.807959879520595,-0.014815372409720935,1.0963764140130547,0.01829513631154162,0.045,0.03246155891724726,0.03911195017689947,0.0595622874707773,0.0008550235994799244,0.9997008052773475,0.023986317964408133,0.0,-0.014091510754586768,-0.8073840932010318,0.01092318461180118,0.0045877375369564955,0.02293868768478248,0.010545533838295885,0.2478414908270572,0.07528064850549582,-0.014091510754586768,0.0286315949988428,-0.042072379124955046,0.0286315949988428,0.0035006802722670222,0.007822390035379894,0.05878801169484499,3.461074441905682e-06,0.9999987887435824,85.36130251644244,86.65051205280116,-0.002081992475193513,-0.11928938180658404,0.2559606307837354,0.10750346492916886,0.5375173246458443,85.53729872228091,-0.003835565707603905,85.30984895273139,-0.002081992475193513,1.2757334616357516,0.13599620583847694,0.04,0.017957111962596705,0.031289560141519575,0.05942295506558547,0.000808894153118407,0.9997169772303858
1.7666666666666617,0,scripted,False,False,False,True,0.19424504885796853,5.341738843594134,0.0,-7.029942859461587,17.049840575673777,-5.009713416006731,-6.9694542066974385,16.999999999999996,-4.377154431305936,-7.029942859461587,17.0,-5.009713416006731,1.441124975307062,22.40580782066198,22.292054354700667,0.2254801626966584,12.91906168644167,-0.09693540004235678,-0.040712868017789845,-0.20356434008894925,22.558716018208088,-0.09860982500636162,22.41280706653356,0.2254801626966584,-0.04713652766838362,0.18790819754610938,-0.035,0.020300428775071717,0.009503151666041413,0.05886210444331012,0.004934408537697363,0.9982728618343153,-57.88817114019498,-56.81159412625783,-0.015811547899882875,-0.905934962232229,0.21951271721233603,0.09219534122918113,0.4609767061459057,-57.80244690474526,0.08648971833689956,-57.82900420251333,-0.015811547899882875,1.0724433517772296,0.04072423544972325,0.045,0.024807995924577074,0.03167717222013804,0.05510650828012453,0.0008562993915070862,0.999700355677346,-0.001977444179281631,0.0,-0.011662953038106317,-0.6682379857427732,0.0034835518761123126,0.0014630917879671712,0.007315458939835857,-0.022473388552426383,-0.24727265203175017,0.010459108701981655,-0.011662953038106317,-0.007066743408285347,-0.013429200964859406,-0.007066743408285347,-0.006018393144111017,0.006335434444027609,0.054252003649545355,3.4614454027015565e-06,0.9999987884365095,85.3817772309214,86.82290220622846,0.020515637525094124,1.1754594442081108,0.2634308616347549,0.11064096188659704,0.5532048094329852,85.61236157274213,-0.035472277202135416,85.30414046385626,0.020515637525094124,1.3553442915351164,0.19058434182073106,0.04,0.018187136955611003,0.025341737776110436,0.055357440588423124,0.0008113068119772409,0.9997161391613644
1.799999999999995,0,scripted,False,False,False,True,0.2029495356860192,5.581112231365528,0.0,-7.144391921440348,16.992716699549227,-5.006077475187684,-6.9082522726105555,17.0,-4.344543181755988,-7.144391921440348,17.0,-5.006077475187684,1.5725723120862227,22.789130950189683,22.11524047764884,0.17918066368648028,10.266295799588331,-0.2136415454679274,-0.08972944909652951,-0.44864724548264756,22.768698879786307,0.014906631544411297,22.806607607589644,0.17918066368648028,-0.7149313007241461,0.014567929596623709,-0.035,0.019860638765984536,0.012300756565276962,0.06394813192381185,0.0049329242496112,0.9982734413032402,-57.91502991663002,-56.82772586830728,-0.01556974297911764,-0.8920805608068858,0.23948051740298246,0.10058181730925263,0.5029090865462632,-57.83064014022824,0.07940879554702462,-57.89633590798107,-0.01556974297911764,1.174613837475008,0.039389776401777224,0.045,0.02481270490738754,0.04100252188425654,0.060768195552289794,0.0008577314336040734,0.999699869585363,-0.020806534360346185,0.0,-0.00919274469678657,-0.5267054732671401,0.009368698340796297,0.003934853303134445,0.019674266515672226,-0.02168231134238077,0.28647354365404465,0.1150518317069852,-0.00919274469678657,0.02937459742583718,-0.030250374407871764,0.02937459742583718,0.0010091217665723767,0.008200504376851308,0.059818827661421076,3.465900299090959e-06,0.9999987870022655,85.44279786003867,87.01537017212489,0.04237258488462578,2.4277702809488835,0.29808675728844075,0.1251964380611451,0.6259821903057257,85.72219200301096,0.0452023780221289,85.45121829355301,0.04237258488462578,1.5679848670695196,0.2393941429722844,0.04,0.01838823906565408,0.03280201750740523,0.06151356038999087,0.0008140518486766937,0.9997152105147448
1.8333333333333282,0,scripted,False,False,False,True,0.2103244291188664,5.783921800768826,0.0,-7.225067957229244,16.943368714316243,-4.991611243138898,-6.840380640940195,17.0,-4.308378005756453,-7.225067957229244,17.0,-4.991611243138898,1.671835481861109,23.068596293786733,21.918637862045077,0.11951944271345762,6.847959637236741,-0.26524159524110763,-0.1114014700012652,-0.5570073500063261,22.91928791399871,0.08850568147589666,23.051154522152416,0.11951944271345762,-1.0868436687833718,-0.11430837978802309,-0.035,0.019273160634572115,0.01124098063564411,0.06081964153713276,0.004932664194028103,0.9982735731882812,-57.94023311919086,-56.844200030446665,-0.011558934130227023,-0.6622781413317296,0.22144615279170338,0.09300738417251542,0.4650369208625771,-57.63343189199774,0.9305381972125204,-57.87656169413172,-0.011558934130227023,1.0796014673564898,0.26180122719311616,0.045,-0.025218395171134576,-0.03746993545214703,0.05850401907100598,0.00085919428858797,0.9996993438081697,-0.036939567164136135,0.0,-0.007848393976541105,-0.4496798508117026,-0.0012171627696811098,-0.0005112083632660661,-0.002556041816330331,-0.05968238628293986,-0.259817739635959,-0.11120405597071528,-0.007848393976541105,-0.021959419426620923,-0.000783399692182795,-0.021959419426620923,0.0036186297697330294,-0.007493987090429406,0.05764327616071077,3.4719366595084496e-06,0.9999987847467179,85.55502932816955,87.22686481003066,0.0715944056308322,4.102057279394342,0.31107820349214915,0.13065284546670264,0.6532642273335133,85.89674881096538,0.00809423141530985,85.5276855720867,0.0715944056308322,1.6906403986306946,0.30171948279583327,0.04,0.01868146718326075,0.029975948361717623,0.0600248429678054,0.0008172442625423539,0.9997141061843096
