pose_label,canvas_u,canvas_v,grid_row,grid_column,roll_sweep_deg,yaw_rad,pitch_rad,roll_rad,elbow_rad,tip_x_m,tip_y_m,tip_z_m,ik_residual_m
u0.035_v0.035_roll-32,0.035,0.035,0,0,-32.0,0.8264471502770158,1.0094398979509647,-0.5585053606381855,-1.3502453247087274,-0.16121999999999997,0.4826,0.58622,3.226654269004545e-10
u0.151_v0.035_roll-32,0.15125,0.035,0,1,-32.0,0.03109614775494391,-0.1364047946848487,-0.5585053606381855,1.1848911106851214,-0.10216500000000002,0.4826,0.58622,1.265317552040796e-11
u0.267_v0.035_roll-32,0.26749999999999996,0.035,0,2,-32.0,-0.09696913382203523,-0.1483732809630483,-0.5585053606381855,1.225166796148088,-0.04311000000000002,0.4826,0.58622,2.457136069758075e-10
u0.384_v0.035_roll-32,0.38375000000000004,0.035,0,3,-32.0,0.5090804881847544,1.0960945349362943,-0.5585053606381855,-1.4722287107251029,0.015945000000000015,0.4826,0.58622,3.843188170805251e-11
u0.500_v0.035_roll-32,0.5,0.035,0,4,-32.0,0.37996789648991003,1.0777252700781508,-0.5585053606381855,-1.4471085448575105,0.075,0.4826,0.58622,1.2948323586380742e-11
u0.616_v0.035_roll-32,0.61625,0.035,0,5,-32.0,-0.44077552194944125,-0.12555097280122898,-0.5585053606381855,1.1491605685372293,0.13405499999999998,0.4826,0.58622,2.7793248768155016e-11
u0.733_v0.035_roll-32,0.7325,0.035,0,6,-32.0,-0.5298179544052843,-0.09615233250166577,-0.5585053606381855,1.0555282956791923,0.19311,0.4826,0.58622,6.042416233275966e-11
u0.849_v0.035_roll-32,0.84875,0.035,0,7,-32.0,-0.034217103778395555,0.8861850800588107,-0.5585053606381855,-1.1612301919123147,0.25216500000000003,0.4826,0.58622,4.6262929936232035e-11
u0.965_v0.035_roll-32,0.965,0.035,0,8,-32.0,-0.6465423780030584,0.012996751771984194,-0.5585053606381855,0.7348997504544857,0.31122,0.4826,0.58622,3.02012030186816e-11
u0.965_v0.151_roll-32,0.965,0.15125,1,8,-32.0,-0.16082879465534003,0.7268555777013627,-0.5585053606381855,-1.0872943253655936,0.31122,0.4826,0.527165,3.827396192882005e-11
u0.849_v0.151_roll-32,0.84875,0.15125,1,7,-32.0,-0.021593958847542248,0.8267153673078474,-0.5585053606381855,-1.2616794448592072,0.25216500000000003,0.4826,0.527165,4.356252035372156e-11
u0.733_v0.151_roll-32,0.7325,0.15125,1,6,-32.0,-0.5443853808843907,-0.243157431469412,-0.5585053606381855,1.1503487268078378,0.19311,0.4826,0.527165,4.025580973101634e-11
u0.616_v0.151_roll-32,0.61625,0.15125,1,5,-32.0,0.24997126807271697,0.963049849766752,-0.5585053606381855,-1.4808644097053616,0.13405499999999998,0.4826,0.527165,1.205871226830277e-11
u0.500_v0.151_roll-32,0.5,0.15125,1,4,-32.0,-0.3468701377989688,-0.29512810065259715,-0.5585053606381855,1.2984426623134686,0.075,0.4826,0.527165,3.373847530480185e-11
u0.384_v0.151_roll-32,0.38375000000000004,0.15125,1,3,-32.0,-0.23030356321917228,-0.3035714915901947,-0.5585053606381855,1.3231384313351795,0.015945000000000015,0.4826,0.527165,1.1648901978898363e-11
u0.267_v0.151_roll-32,0.26749999999999996,0.15125,1,2,-32.0,-0.10682489899136681,-0.30105998132817846,-0.5585053606381855,1.3157707844608884,-0.04311000000000002,0.4826,0.527165,3.81087869971051e-10
u0.151_v0.151_roll-32,0.15125,0.15125,1,1,-32.0,0.020103969336576752,-0.2874756702605459,-0.5585053606381855,1.276233494873957,-0.10216500000000002,0.4826,0.527165,3.887422818275677e-11
u0.035_v0.151_roll-32,0.035,0.15125,1,0,-32.0,0.147932603661405,-0.26215685075572825,-0.5585053606381855,1.2037940646161538,-0.16121999999999997,0.4826,0.527165,1.2320120244248393e-11
u0.035_v0.267_roll-32,0.035,0.26749999999999996,2,0,-32.0,0.14113477044884923,-0.402105452460226,-0.5585053606381855,1.2625347760233383,-0.16121999999999997,0.4826,0.46811,3.477280801296136e-11
u0.151_v0.267_roll-32,0.15125,0.26749999999999996,2,1,-32.0,0.014607667937988929,-0.430862276036056,-0.5585053606381855,1.3342006520389607,-0.10216500000000002,0.4826,0.46811,7.33929009801134e-10
u0.267_v0.267_roll-32,0.26749999999999996,0.26749999999999996,2,2,-32.0,-0.11158897274709895,-0.4465423476898139,-0.5585053606381855,1.373449066058962,-0.04311000000000002,0.4826,0.46811,1.0151559625290838e-10
u0.384_v0.267_roll-32,0.38375000000000004,0.26749999999999996,2,3,-32.0,-0.23492897338837102,-0.44946212896392357,-0.5585053606381855,1.3807730401971892,0.015945000000000015,0.4826,0.46811,2.3353921952848457e-11
u0.500_v0.267_roll-32,0.5,0.26749999999999996,2,4,-32.0,-0.3519574728214156,-0.43967236001379245,-0.5585053606381855,1.3562361928787563,0.075,0.4826,0.46811,1.0221137183411559e-11
u0.616_v0.267_roll-32,0.61625,0.26749999999999996,2,5,-32.0,-0.4588913793132737,-0.41699304143035965,-0.5585053606381855,1.2995905452275092,0.13405499999999998,0.4826,0.46811,1.1873402885962858e-11
u0.733_v0.267_roll-32,0.7325,0.26749999999999996,2,6,-32.0,-0.5521233386034287,-0.38088900216066446,-0.5585053606381855,1.209872125425466,0.19311,0.4826,0.46811,3.6114185008914174e-11
u0.849_v0.267_roll-32,0.84875,0.26749999999999996,2,7,-32.0,-0.015462818804849898,0.7411556318887536,-0.5585053606381855,-1.3238905348786494,0.25216500000000003,0.4826,0.46811,2.0204693125469512e-10
u0.965_v0.267_roll-32,0.965,0.26749999999999996,2,8,-32.0,-0.15097158860771767,0.6511384927416578,-0.5585053606381855,-1.155387159813365,0.31122,0.4826,0.46811,1.0662362336093457e-10
u0.965_v0.384_roll-32,0.965,0.38375000000000004,3,8,-32.0,-0.14712651286422992,0.5531929943783945,-0.5585053606381855,-1.1848805568012124,0.31122,0.4826,0.40905499999999995,3.4351638272598345e-11
u0.849_v0.384_roll-32,0.84875,0.38375000000000004,3,7,-32.0,-0.013194028590482475,0.6340496230891082,-0.5585053606381855,-1.3511607785306436,0.25216500000000003,0.4826,0.40905499999999995,1.5465372818686524e-11
u0.733_v0.384_roll-32,0.7325,0.38375000000000004,3,6,-32.0,0.11933037789044133,0.696375538018696,-0.5585053606381855,-1.4757141114670185,0.19311,0.4826,0.40905499999999995,3.2352943355876717e-10
u0.616_v0.384_roll-32,0.61625,0.38375000000000004,3,5,-32.0,-0.4612385392104675,-0.5479803349445048,-0.5585053606381855,1.3254260756100178,0.13405499999999998,0.4826,0.40905499999999995,3.1065229820620955e-11
u0.500_v0.384_roll-32,0.5,0.38375000000000004,3,4,-32.0,-0.3538374028311827,-0.5738900331725784,-0.5585053606381855,1.381910448963033,0.075,0.4826,0.40905499999999995,6.75886849438135e-11
u0.384_v0.384_roll-32,0.38375000000000004,0.38375000000000004,3,3,-32.0,-0.2366004515976225,-0.5851731727461607,-0.5585053606381855,1.406403402376584,0.015945000000000015,0.4826,0.40905499999999995,9.727758274973765e-11
u0.267_v0.384_roll-32,0.26749999999999996,0.38375000000000004,3,2,-32.0,-0.11332310855296053,-0.5818014897052827,-0.5585053606381855,1.399090902654634,-0.04311000000000002,0.4826,0.40905499999999995,2.0805156018097863e-10
u0.151_v0.384_roll-32,0.15125,0.38375000000000004,3,1,-32.0,0.012543860959457373,-0.5637880007441041,-0.5585053606381855,1.3599276334298638,-0.10216500000000002,0.4826,0.40905499999999995,2.2136005989461983e-11
u0.035_v0.384_roll-32,0.035,0.38375000000000004,3,0,-32.0,0.13849028530818602,-0.5311356758933216,-0.5585053606381855,1.2885220089924592,-0.16121999999999997,0.4826,0.40905499999999995,1.0934031247356357e-11
u0.035_v0.500_roll-32,0.035,0.5,4,0,-32.0,0.139106245798419,-0.6460325137413075,-0.5585053606381855,1.2822670942583534,-0.16121999999999997,0.4826,0.35,2.2907714898026545e-11
u0.151_v0.500_roll-32,0.15125,0.5,4,1,-32.0,0.013019694858297012,-0.6826604020771908,-0.5585053606381855,1.3537308427958845,-0.10216500000000002,0.4826,0.35,3.091360912643838e-10
u0.267_v0.500_roll-32,0.26749999999999996,0.5,4,2,-32.0,-0.11292699123461199,-0.7030219639886033,-0.5585053606381855,1.3929122265526954,-0.04311000000000002,0.4826,0.35,1.7346330407516456e-11
u0.384_v0.500_roll-32,0.38375000000000004,0.5,4,3,-32.0,-0.23621949794283703,-0.7068460656747599,-0.5585053606381855,1.400227049901618,0.015945000000000015,0.4826,0.35,2.5435520519078836e-10
u0.500_v0.500_roll-32,0.5,0.5,4,4,-32.0,-0.35340601891800666,-0.6940650947839628,-0.5585053606381855,1.3757250126957532,0.075,0.4826,0.35,1.1212353058215912e-09
u0.616_v0.500_roll-32,0.61625,0.5,4,5,-32.0,-0.46069428043865407,-0.6648844141478895,-0.5585053606381855,1.3192053035889075,0.13405499999999998,0.4826,0.35,2.899323743960852e-10
u0.733_v0.500_roll-32,0.7325,0.5,4,6,-32.0,-0.5544668281122188,-0.6195500242560661,-0.5585053606381855,1.2298211778289814,0.19311,0.4826,0.35,1.4476591631564078e-11
u0.849_v0.500_roll-32,0.84875,0.5,4,7,-32.0,-0.013715438297181266,0.5096285917429755,-0.5585053606381855,-1.3446105630216938,0.25216500000000003,0.4826,0.35,1.324334994234598e-11
u0.965_v0.500_roll-32,0.965,0.5,4,8,-32.0,-0.6881740602161303,-0.47771668992715355,-0.5585053606381855,0.9382406817250323,0.31122,0.4826,0.35,1.9829475154150382e-11
u0.965_v0.616_roll-32,0.965,0.61625,5,8,-32.0,-0.15396008197510963,0.3065440529074273,-0.5585053606381855,-1.1337297543975282,0.31122,0.4826,0.290945,4.1745739633699093e-11
u0.849_v0.616_roll-32,0.84875,0.61625,5,7,-32.0,-0.017280780521365547,0.37183972249029285,-0.5585053606381855,-1.3039871194240695,0.25216500000000003,0.4826,0.290945,1.847707442705179e-11
u0.733_v0.616_roll-32,0.7325,0.61625,5,6,-32.0,0.11728675673809916,0.4191757684455585,-0.5585053606381855,-1.4303406830817127,0.19311,0.4826,0.290945,1.227435707173875e-10
u0.616_v0.616_roll-32,0.61625,0.61625,5,5,-32.0,-0.45704533909531336,-0.7641296838048073,-0.5585053606381855,1.2808404479447828,0.13405499999999998,0.4826,0.290945,1.1618297589526094e-10
u0.500_v0.616_roll-32,0.5,0.61625,5,4,-32.0,-0.35044819757814205,-0.7963835020482894,-0.5585053606381855,1.337627274928663,0.075,0.4826,0.290945,1.232775646746529e-09
u0.384_v0.616_roll-32,0.38375000000000004,0.61625,5,3,-32.0,-0.23356943709435632,-0.8105535663892327,-0.5585053606381855,1.362206143434675,0.015945000000000015,0.4826,0.290945,2.0252568317647063e-10
u0.267_v0.616_roll-32,0.26749999999999996,0.61625,5,2,-32.0,-0.11018445745285052,-0.806310988801466,-0.5585053606381855,1.3548708175912132,-0.04311000000000002,0.4826,0.290945,1.2759852063498167e-11
u0.151_v0.616_roll-32,0.15125,0.61625,5,1,-32.0,0.016249285641825453,-0.7837618455172107,-0.5585053606381855,1.31554420191447,-0.10216500000000002,0.4826,0.290945,3.4357893295469934e-10
u0.035_v0.616_roll-32,0.035,0.61625,5,0,-32.0,0.1431959949051304,-0.7433606672583085,-0.5585053606381855,1.2436580504085983,-0.16121999999999997,0.4826,0.290945,2.3046251684836272e-11
u0.035_v0.733_roll-32,0.035,0.7325,6,0,-32.0,0.15209976260394814,-0.819882157436889,-0.5585053606381855,1.1718460276469247,-0.16121999999999997,0.4826,0.23188999999999996,1.1884333320696603e-11
u0.151_v0.733_roll-32,0.15125,0.7325,6,1,-32.0,0.023566429894215386,-0.8637354613061266,-0.5585053606381855,1.2448173952625365,-0.10216500000000002,0.4826,0.23188999999999996,1.9056339411259243e-11
u0.267_v0.733_roll-32,0.26749999999999996,0.7325,6,2,-32.0,-0.10375478943501508,-0.8882277506196713,-0.5585053606381855,1.2845686400073102,-0.04311000000000002,0.4826,0.23188999999999996,1.1615910293874028e-10
u0.384_v0.733_roll-32,0.38375000000000004,0.7325,6,3,-32.0,-0.22730744858225785,-0.8928377054557678,-0.5585053606381855,1.2919704251144757,0.015945000000000015,0.4826,0.23188999999999996,9.902144263804145e-11
u0.500_v0.733_roll-32,0.5,0.7325,6,4,-32.0,-0.34362715762703216,-0.8774429132673168,-0.5585053606381855,1.2671531850488702,0.075,0.4826,0.23188999999999996,1.6073041486486606e-09
u0.616_v0.733_roll-32,0.61625,0.7325,6,5,-32.0,-0.44895792866422873,-0.8424222337853239,-0.5585053606381855,1.209640927998022,0.13405499999999998,0.4826,0.23188999999999996,1.870205647547384e-09
u0.733_v0.733_roll-32,0.7325,0.7325,6,6,-32.0,0.11238027735022192,0.26548271245402955,-0.5585053606381855,-1.3574583192397534,0.19311,0.4826,0.23188999999999996,1.2133732664245393e-10
u0.849_v0.733_roll-32,0.84875,0.7325,6,7,-32.0,-0.6124211286937006,-0.7149921812487838,-0.5585053606381855,0.9879125777683243,0.25216500000000003,0.4826,0.23188999999999996,6.002999461850414e-11
u0.965_v0.733_roll-32,0.965,0.7325,6,8,-32.0,-0.1669003358379169,0.16338069922647128,-0.5585053606381855,-1.0493296456442596,0.31122,0.4826,0.23188999999999996,5.5859837783722764e-11
u0.965_v0.849_roll-32,0.965,0.84875,7,8,-32.0,-0.6328774479299861,-0.653416672148062,-0.5585053606381855,0.6761156864718119,0.31122,0.4826,0.17283499999999996,5.1549607328533765e-11
u0.849_v0.849_roll-32,0.84875,0.84875,7,7,-32.0,-0.5897626753846396,-0.7588774481608483,-0.5585053606381855,0.8708462222641509,0.25216500000000003,0.4826,0.17283499999999996,5.832753440716321e-11
u0.733_v0.849_roll-32,0.7325,0.84875,7,6,-32.0,0.10131785249449185,0.10571222401349718,-0.5585053606381855,-1.2478206549667472,0.19311,0.4826,0.17283499999999996,3.294141052980932e-11
u0.616_v0.849_roll-32,0.61625,0.84875,7,5,-32.0,-0.4338359342366866,-0.8968139106756533,-0.5585053606381855,1.1035914123540216,0.13405499999999998,0.4826,0.17283499999999996,1.7991980864363166e-11
u0.500_v0.849_roll-32,0.5,0.84875,7,4,-32.0,0.3772583670465166,0.14331340471689905,-0.5585053606381855,-1.4023471472749391,0.075,0.4826,0.17283499999999996,1.7919659238559576e-10
u0.384_v0.849_roll-32,0.38375000000000004,0.84875,7,3,-32.0,-0.21488105383449005,-0.9508569159221087,-0.5585053606381855,1.1881850787168071,0.015945000000000015,0.4826,0.17283499999999996,1.3322540892796157e-11
u0.267_v0.849_roll-32,0.26749999999999996,0.84875,7,2,-32.0,-0.0910842896646563,-0.94592336352984,-0.5585053606381855,1.1806135880611617,-0.04311000000000002,0.4826,0.17283499999999996,2.524219181473394e-11
u0.151_v0.849_roll-32,0.15125,0.84875,7,1,-32.0,0.7325360603966757,0.13816577496216384,-0.5585053606381855,-1.379412421711604,-0.10216500000000002,0.4826,0.17283499999999996,1.1105430741416586e-10
u0.035_v0.849_roll-32,0.035,0.84875,7,0,-32.0,0.1684569323336012,-0.8725785831782675,-0.5585053606381855,1.0644639152236939,-0.16121999999999997,0.4826,0.17283499999999996,4.8123925977606174e-11
u0.035_v0.965_roll-32,0.035,0.965,8,0,-32.0,0.19679489112753448,-0.897993905660333,-0.5585053606381855,0.9156068358104787,-0.16121999999999997,0.4826,0.11377999999999999,5.6180439301018135e-11
u0.151_v0.965_roll-32,0.15125,0.965,8,1,-32.0,0.7172942870304396,-0.02936930849184181,-0.5585053606381855,-1.2356863209526034,-0.10216500000000002,0.4826,0.11377999999999999,3.45532773376047e-11
u0.267_v0.965_roll-32,0.26749999999999996,0.965,8,2,-32.0,0.6134257535095611,-0.021434805001290188,-0.5585053606381855,-1.278729214277248,-0.04311000000000002,0.4826,0.11377999999999999,1.1305320996766128e-10
u0.384_v0.965_roll-32,0.38375000000000004,0.965,8,3,-32.0,0.49424084296938847,-0.020046843737459283,-0.5585053606381855,-1.2866859274534956,0.015945000000000015,0.4826,0.11377999999999999,2.8301474265175444e-11
u0.500_v0.965_roll-32,0.5,0.965,8,4,-32.0,-0.30655677999989134,-0.9643799680854866,-0.5585053606381855,1.0203633423969733,0.075,0.4826,0.11377999999999999,1.0532669253840615e-10
u0.616_v0.965_roll-32,0.61625,0.965,8,5,-32.0,0.22399688278544688,-0.03705087975344523,-0.5585053606381855,-1.1971330242565226,0.13405499999999998,0.4826,0.11377999999999999,1.4079595150485298e-10
u0.733_v0.965_roll-32,0.7325,0.965,8,6,-32.0,0.07876045322989499,-0.05991759562809862,-0.5585053606381855,-1.094224387683924,0.19311,0.4826,0.11377999999999999,8.989002121947216e-10
u0.849_v0.965_roll-32,0.84875,0.965,8,7,-32.0,-0.55117696626328,-0.7727169402566484,-0.5585053606381855,0.7013948378357968,0.25216500000000003,0.4826,0.11377999999999999,2.018510723777201e-10
u0.965_v0.965_roll-32,0.965,0.965,8,8,-32.0,-0.5792915862040391,-0.648704151591633,-0.5585053606381855,0.4667969976029933,0.31122,0.4826,0.11377999999999999,6.501682447572082e-10
u0.035_v0.035_roll+0,0.035,0.035,0,0,0.0,0.4703491512792028,-0.24390856131432223,0.0,1.2279012799252236,-0.16121999999999997,0.4826,0.58622,1.6448800318272288e-11
u0.151_v0.035_roll+0,0.15125,0.035,0,1,0.0,0.36124763089140666,-0.2705027131242964,0.0,1.3027101839911082,-0.10216500000000002,0.4826,0.58622,7.887762575668685e-11
u0.267_v0.035_roll+0,0.26749999999999996,0.035,0,2,0.0,0.244508919450766,-0.2844108790986485,0.0,1.3432951478865667,-0.04311000000000002,0.4826,0.58622,8.286294853237248e-11
u0.384_v0.035_roll+0,0.38375000000000004,0.035,0,3,0.0,0.1229270996804578,-0.2869533479107142,0.0,1.3508398896265756,0.015945000000000015,0.4826,0.58622,1.098489437822261e-11
u0.500_v0.035_roll+0,0.5,0.035,0,4,0.0,2.871545459419677e-11,-0.27836969637341374,0.0,1.325528268410346,0.075,0.4826,0.58622,1.6643075730743543e-10
u0.616_v0.035_roll+0,0.61625,0.035,0,5,0.0,-0.12064186067959662,1.0088496818701886,0.0,-1.266699486023231,0.13405499999999998,0.4826,0.58622,2.383430905196198e-11
u0.733_v0.035_roll+0,0.7325,0.035,0,6,0.0,-0.23584035248862403,-0.22340734102174895,0.0,1.172300213713333,0.19311,0.4826,0.58622,2.7609082391127802e-11
u0.849_v0.035_roll+0,0.84875,0.035,0,7,0.0,-0.34331765745830345,-0.1713047347896689,0.0,1.037215297089251,0.25216500000000003,0.4826,0.58622,1.0707778201140323e-10
u0.965_v0.035_roll+0,0.965,0.035,0,8,0.0,-0.44178903080940374,0.7545253739263708,0.0,-0.8483886315741174,0.31122,0.4826,0.58622,1.1868921528355322e-10
u0.965_v0.151_roll+0,0.965,0.15125,1,8,0.0,-0.44178903082468474,0.7160206317542287,0.0,-0.9625259935982253,0.31122,0.4826,0.527165,4.5501431245411786e-11
u0.849_v0.151_roll+0,0.84875,0.15125,1,7,0.0,-0.343317657478035,0.8166021711129803,0.0,-1.1385893643959335,0.25216500000000003,0.4826,0.527165,2.3075615992943482e-11
u0.733_v0.151_roll+0,0.7325,0.15125,1,6,0.0,-0.23584035242542736,-0.37515927915331077,0.0,1.2678970590290652,0.19311,0.4826,0.527165,2.897038947764545e-10
u0.616_v0.151_roll+0,0.61625,0.15125,1,5,0.0,-0.12064186068074531,0.9480952265272007,0.0,-1.3595408967165556,0.13405499999999998,0.4826,0.527165,1.0319297386066391e-11
u0.500_v0.151_roll+0,0.5,0.15125,1,4,0.0,8.43213682733048e-11,-0.4335597406406322,0.0,1.4171197813110379,0.075,0.4826,0.527165,3.4397220185764125e-10
u0.384_v0.151_roll+0,0.38375000000000004,0.15125,1,3,0.0,0.12292709976645248,-0.44293476629721507,0.0,1.4419973951153686,0.015945000000000015,0.4826,0.527165,3.6619726811762285e-10
u0.267_v0.151_roll+0,0.26749999999999996,0.15125,1,2,0.0,0.2445089194550762,0.9944258911640932,0.0,-1.4345756269087915,-0.04311000000000002,0.4826,0.527165,9.498745301386508e-11
u0.151_v0.151_roll+0,0.15125,0.15125,1,1,0.0,0.36124763088453576,-0.4250338388864825,0.0,1.394745887119248,-0.10216500000000002,0.4826,0.527165,1.9164437530186287e-11
u0.035_v0.151_roll+0,0.035,0.15125,1,0,0.0,0.47034915127881954,-0.39663983687205523,0.0,1.3217590841374902,-0.16121999999999997,0.4826,0.527165,1.4188086245533739e-11
u0.035_v0.267_roll+0,0.035,0.26749999999999996,2,0,0.0,0.47034915127633836,0.8425113213675457,0.0,-1.3809449223849977,-0.16121999999999997,0.4826,0.46811,8.90242858600836e-12
u0.151_v0.267_roll+0,0.15125,0.26749999999999996,2,1,0.0,0.36124763089213885,0.8834258080137095,0.0,-1.4531406750685398,-0.10216500000000002,0.4826,0.46811,4.273671135130124e-11
u0.267_v0.267_roll+0,0.26749999999999996,0.26749999999999996,2,2,0.0,0.24450891942598071,-0.5866214138947062,0.0,1.4926751316531885,-0.04311000000000002,0.4826,0.46811,1.0939103939114936e-11
u0.384_v0.267_roll+0,0.38375000000000004,0.26749999999999996,2,3,0.0,0.12292709967961545,-0.5897574819388082,0.0,1.500052260863535,0.015945000000000015,0.4826,0.46811,1.2785819998225094e-11
u0.500_v0.267_roll+0,0.5,0.26749999999999996,2,4,0.0,3.608860561914998e-12,0.8961096351687076,0.0,-1.475337082774616,0.075,0.4826,0.46811,1.3451160275870859e-11
u0.616_v0.267_roll+0,0.61625,0.26749999999999996,2,5,0.0,-0.12064186067571966,-0.5546716490788469,0.0,1.4182761443272964,0.13405499999999998,0.4826,0.46811,2.0490437121932286e-11
u0.733_v0.267_roll+0,0.7325,0.26749999999999996,2,6,0.0,-0.23584035247800778,0.8127473327218822,0.0,-1.327883768967635,0.19311,0.4826,0.46811,8.240918609378672e-11
u0.849_v0.267_roll+0,0.84875,0.26749999999999996,2,7,0.0,-0.3433176574769949,0.742679150782437,0.0,-1.2013300315250355,0.25216500000000003,0.4826,0.46811,2.6329975516474746e-11
u0.965_v0.267_roll+0,0.965,0.26749999999999996,2,8,0.0,-0.4417890308270897,0.6502785607749292,0.0,-1.0313152469315654,0.31122,0.4826,0.46811,3.430726214780119e-11
u0.965_v0.384_roll+0,0.965,0.38375000000000004,3,8,0.0,-0.4417890308266774,-0.49884411139144924,0.0,1.0610925010261847,0.31122,0.4826,0.40905499999999995,3.944511707349539e-11
u0.849_v0.384_roll+0,0.84875,0.38375000000000004,3,7,0.0,-0.34331765748118304,0.647876997459512,0.0,-1.2288241789843382,0.25216500000000003,0.4826,0.40905499999999995,1.3848807457430294e-11
u0.733_v0.384_roll+0,0.7325,0.38375000000000004,3,6,0.0,-0.23584035247996224,-0.6420885710756244,0.0,1.3543516775960789,0.19311,0.4826,0.40905499999999995,4.391800822163814e-11
u0.616_v0.384_roll+0,0.61625,0.38375000000000004,3,5,0.0,-0.12064186067665315,-0.6857089272225132,0.0,1.4443018202395426,0.13405499999999998,0.4826,0.40905499999999995,6.774497432094492e-11
u0.500_v0.384_roll+0,0.5,0.38375000000000004,3,4,0.0,-2.1188711764360125e-10,-0.7132044675530409,0.0,1.5011979253420595,0.075,0.4826,0.40905499999999995,1.4183059983147682e-09
u0.384_v0.384_roll+0,0.38375000000000004,0.38375000000000004,3,3,0.0,0.12292709972939891,-0.7251012782226233,0.0,1.5258682414731957,0.015945000000000015,0.4826,0.40905499999999995,1.2750991315697784e-10
u0.267_v0.384_roll+0,0.26749999999999996,0.38375000000000004,3,2,0.0,0.24450891988993442,-0.7215511230236076,0.0,1.5185028418828637,-0.04311000000000002,0.4826,0.40905499999999995,1.0507676319779926e-09
u0.151_v0.384_roll+0,0.15125,0.38375000000000004,3,1,0.0,0.3612476309120671,0.7765420730081649,0.0,-1.4790554011100585,-0.10216500000000002,0.4826,0.40905499999999995,1.2170366970510927e-10
u0.035_v0.384_roll+0,0.035,0.38375000000000004,3,0,0.0,0.47034915128297716,0.7394236249962578,0.0,-1.4071256958160885,-0.16121999999999997,0.4826,0.40905499999999995,2.5640141478834114e-11
u0.035_v0.500_roll+0,0.035,0.5,4,0,0.0,0.47034915127610777,-0.7817016332849059,0.0,1.4008243599175014,-0.16121999999999997,0.4826,0.35,9.456059071975493e-12
u0.151_v0.500_roll+0,0.15125,0.5,4,1,0.0,0.3612476308814036,-0.8203014495171547,0.0,1.4728134792260001,-0.10216500000000002,0.4826,0.35,4.419779546170417e-11
u0.267_v0.500_roll+0,0.26749999999999996,0.5,4,2,0.0,0.2445089196423636,-0.8415830732516894,0.0,1.5122794319439217,-0.04311000000000002,0.4826,0.35,4.701296527574153e-10
u0.384_v0.500_roll+0,0.38375000000000004,0.5,4,3,0.0,0.12292709972025877,-0.8455661744854229,0.0,1.5196472068613964,0.015945000000000015,0.4826,0.35,9.489657013686162e-11
u0.500_v0.500_roll+0,0.5,0.5,4,4,0.0,9.114388470477717e-11,-0.8322367722863834,0.0,1.494967599756899,0.075,0.4826,0.35,3.9611698452766755e-10
u0.616_v0.500_roll+0,0.61625,0.5,4,5,0.0,-0.12064186067381054,-0.8016198436928766,0.0,1.4380353873638927,0.13405499999999998,0.4826,0.35,2.303320400052533e-11
u0.733_v0.500_roll+0,0.7325,0.5,4,6,0.0,-0.23584035247153806,0.5944503651568389,0.0,-1.3479848799024157,0.19311,0.4826,0.35,7.806331937792335e-11
u0.849_v0.500_roll+0,0.84875,0.5,4,7,0.0,-0.3433176574807234,-0.6869861545051007,0.0,1.2222205948401232,0.25216500000000003,0.4826,0.35,2.3365681882074858e-11
u0.965_v0.500_roll+0,0.965,0.5,4,8,0.0,-0.4417890308296861,-0.598870231752103,0.0,1.0539595062530944,0.31122,0.4826,0.35,2.1543955368579867e-11
u0.965_v0.616_roll+0,0.965,0.61625,5,8,0.0,-0.4417890308173339,-0.678686926926728,0.0,1.009442930586907,0.31122,0.4826,0.290945,7.267671152628e-11
u0.849_v0.616_roll+0,0.84875,0.61625,5,7,0.0,-0.34331765747520504,-0.7740655878017736,0.0,1.1812601975704782,0.25216500000000003,0.4826,0.290945,3.11818435471535e-11
u0.733_v0.616_roll+0,0.7325,0.61625,5,6,0.0,-0.23584035248852897,-0.8464385553696853,0.0,1.308631271441167,0.19311,0.4826,0.290945,2.245700041399782e-11
u0.616_v0.616_roll+0,0.61625,0.61625,5,5,0.0,-0.12064186067954587,0.5003380095945097,0.0,-1.3993871114108203,0.13405499999999998,0.4826,0.290945,1.489685240904754e-11
u0.500_v0.616_roll+0,0.5,0.61625,5,4,0.0,5.530431399117e-13,-0.9327248971555626,0.0,1.45659236203483,0.075,0.4826,0.290945,1.2081839624199531e-11
u0.384_v0.616_roll+0,0.38375000000000004,0.61625,5,3,0.0,0.12292709968085143,-0.9474351952199249,0.0,1.4813504904508314,0.015945000000000015,0.4826,0.290945,1.4158962687871065e-11
u0.267_v0.616_roll+0,0.26749999999999996,0.61625,5,2,0.0,0.24450891942856182,0.5309256021785144,0.0,-1.47396176141921,-0.04311000000000002,0.4826,0.290945,1.8239050603299692e-11
u0.151_v0.616_roll+0,0.15125,0.61625,5,1,0.0,0.3612476309244677,0.5147683223764528,0.0,-1.4343473789302226,-0.10216500000000002,0.4826,0.290945,1.8653812901270483e-10
u0.035_v0.616_roll+0,0.035,0.61625,5,0,0.0,0.47034915128082216,-0.8772182330240944,0.0,1.3619264063454133,-0.16121999999999997,0.4826,0.290945,4.3493609929420135e-11
u0.035_v0.733_roll+0,0.035,0.7325,6,0,0.0,0.4703491512772282,-0.9509968355977614,0.0,1.2895634975115988,-0.16121999999999997,0.4826,0.23188999999999996,1.2232514340965066e-11
u0.151_v0.733_roll+0,0.15125,0.7325,6,1,0.0,0.3612476310429913,0.3661048841448833,0.0,-1.36309449353395,-0.10216500000000002,0.4826,0.23188999999999996,5.067681056669179e-10
u0.267_v0.733_roll+0,0.26749999999999996,0.7325,6,2,0.0,0.2445089194274733,-1.0224746344224445,0.0,1.403142997699741,-0.04311000000000002,0.4826,0.23188999999999996,1.867350742961083e-11
u0.384_v0.733_roll+0,0.38375000000000004,0.7325,6,3,0.0,0.1229270996813098,-1.027255937714476,0.0,1.4105996626828556,0.015945000000000015,0.4826,0.23188999999999996,2.8683967685599914e-11
u0.500_v0.733_roll+0,0.5,0.7325,6,4,0.0,3.5195919318675384e-12,0.374327947127617,0.0,-1.385597853987267,0.075,0.4826,0.23188999999999996,1.2336226479527996e-11
u0.616_v0.733_roll+0,0.61625,0.7325,6,5,0.0,-0.12064186067313037,-0.974696121124285,0.0,1.3276507918873104,0.13405499999999998,0.4826,0.23188999999999996,2.6913126907794952e-11
u0.733_v0.733_roll+0,0.7325,0.7325,6,6,0.0,-0.2358403524920582,-0.9175844412743259,0.0,1.2351727939999069,0.19311,0.4826,0.23188999999999996,1.3945539569193805e-11
u0.849_v0.733_roll+0,0.84875,0.7325,6,7,0.0,-0.34331765747030674,-0.8389281949638228,0.0,1.1040924887347658,0.25216500000000003,0.4826,0.23188999999999996,4.973184311286512e-11
u0.965_v0.733_roll+0,0.965,0.7325,6,8,0.0,-0.4417890307397132,-0.7345884175772771,0.0,0.9241438361677817,0.31122,0.4826,0.23188999999999996,4.693789651358601e-10
u0.965_v0.849_roll+0,0.965,0.84875,7,8,0.0,-0.4417890308148364,-0.7603425497210641,0.0,0.7888104589222046,0.31122,0.4826,0.17283499999999996,9.202072691632947e-11
u0.849_v0.849_roll+0,0.84875,0.84875,7,7,0.0,-0.3433176574529484,-0.8773440643286033,0.0,0.985895419913543,0.25216500000000003,0.4826,0.17283499999999996,1.278352792310295e-10
u0.733_v0.849_roll+0,0.7325,0.84875,7,6,0.0,-0.23584035246204724,-0.9634513897370043,0.0,1.1246085636839167,0.19311,0.4826,0.17283499999999996,1.241373618565982e-10
u0.616_v0.849_roll+0,0.61625,0.84875,7,5,0.0,-0.12064186056723593,-1.0253380877265257,0.0,1.220763644757451,0.13405499999999998,0.4826,0.17283499999999996,6.218828639762443e-10
u0.500_v0.849_roll+0,0.5,0.84875,7,4,0.0,1.597296016406657e-11,0.21564259168712566,0.0,-1.2804194927235049,0.075,0.4826,0.17283499999999996,5.117090988554886e-11
u0.384_v0.849_roll+0,0.38375000000000004,0.84875,7,3,0.0,0.1229270997663636,-1.0819773915986444,0.0,1.306029691994829,0.015945000000000015,0.4826,0.17283499999999996,3.612908599928914e-10
u0.267_v0.849_roll+0,0.26749999999999996,0.84875,7,2,0.0,0.24450891943448488,0.22156437832238046,0.0,-1.298399427602583,-0.04311000000000002,0.4826,0.17283499999999996,6.135046386482307e-11
u0.151_v0.849_roll+0,0.15125,0.84875,7,1,0.0,0.36124763091404793,-1.0493931207719516,0.0,1.2573032292109754,-0.10216500000000002,0.4826,0.17283499999999996,1.7441291374954086e-10
u0.035_v0.849_roll+0,0.035,0.84875,7,0,0.0,0.47034915128401367,0.1816038757462346,0.0,-1.181311427587177,-0.16121999999999997,0.4826,0.17283499999999996,3.6814880807701846e-11
u0.035_v0.965_roll+0,0.035,0.965,8,0,0.0,0.47034915127967447,-1.0190486638138445,0.0,1.0311069087117875,-0.16121999999999997,0.4826,0.11377999999999999,1.8823153218088085e-11
u0.151_v0.965_roll+0,0.15125,0.965,8,1,0.0,0.36124763088442324,0.039182702321646515,0.0,-1.1123660591031,-0.10216500000000002,0.4826,0.11377999999999999,2.4121767612538015e-11
u0.267_v0.965_roll+0,0.26749999999999996,0.965,8,2,0.0,0.24450891943551353,0.05295939962891997,0.0,-1.155787110280579,-0.04311000000000002,0.4826,0.11377999999999999,6.93565559211325e-11
u0.384_v0.965_roll+0,0.38375000000000004,0.965,8,3,0.0,0.12292709973813049,-1.1083650192761771,0.0,1.1638121151174448,0.015945000000000015,0.4826,0.11377999999999999,2.2817685516687452e-10
u0.500_v0.965_roll+0,0.5,0.965,8,4,0.0,1.7483434545899272e-11,-1.089821940928787,0.0,1.1368320179597715,0.075,0.4826,0.11377999999999999,7.903090036312911e-11
u0.616_v0.965_roll+0,0.61625,0.965,8,5,0.0,-0.120641860675695,-1.0470548100229744,0.0,1.0734601160025548,0.13405499999999998,0.4826,0.11377999999999999,2.934912770933199e-11
u0.733_v0.965_roll+0,0.7325,0.965,8,6,0.0,-0.23584035249183635,-0.009561211372930306,0.0,-0.9695298372214652,0.19311,0.4826,0.11377999999999999,2.2976965803764322e-11
u0.849_v0.965_roll+0,0.84875,0.965,8,7,0.0,-0.34331765745394593,-0.0675785485219576,0.0,-0.8144419429740761,0.25216500000000003,0.4826,0.11377999999999999,1.438591767862644e-10
u0.965_v0.965_roll+0,0.965,0.965,8,8,0.0,-0.4417890307424101,-0.7409490826750055,0.0,0.5756338129034624,0.31122,0.4826,0.11377999999999999,4.5684768633311675e-10
u0.035_v0.035_roll+32,0.035,0.035,0,0,32.0,0.826447149884485,-0.18350346331453674,0.5585053606381855,1.3502453234912537,-0.16121999999999997,0.4826,0.58622,8.844137690203082e-11
u0.151_v0.035_roll+32,0.15125,0.035,0,1,32.0,0.735640323057072,-0.20263960872853096,0.5585053606381855,1.424465118185577,-0.10216500000000002,0.4826,0.58622,2.8315289232361734e-10
u0.267_v0.035_roll+32,0.26749999999999996,0.035,0,2,32.0,-0.09696913356083951,0.926549022337505,0.5585053606381855,-1.2251667950621765,-0.04311000000000002,0.4826,0.58622,2.0932846799387606e-11
u0.384_v0.035_roll+32,0.38375000000000004,0.035,0,3,32.0,0.5090804881326015,-0.21415513808742861,0.5585053606381855,1.472228710603835,0.015945000000000015,0.4826,0.58622,1.2957684683157768e-11
u0.500_v0.035_roll+32,0.5,0.035,0,4,32.0,-0.3365143776128653,0.9152905750519053,0.5585053606381855,-1.2075345387115795,0.075,0.4826,0.58622,1.4963601394428626e-11
u0.616_v0.035_roll+32,0.61625,0.035,0,5,32.0,0.2449493351118105,-0.1936045835527689,0.5585053606381855,1.3887345750302398,0.13405499999999998,0.4826,0.58622,9.51727049772619e-11
u0.733_v0.035_roll+32,0.7325,0.035,0,6,32.0,-0.5298179544990523,0.8220697622060509,0.5585053606381855,-1.0555282960531531,0.19311,0.4826,0.58622,1.2897838239684133e-10
u0.849_v0.035_roll+32,0.84875,0.035,0,7,32.0,-0.6000250042286535,0.745003271197868,0.5585053606381855,-0.921656185649521,0.25216500000000003,0.4826,0.58622,2.8453255497971e-11
u0.965_v0.035_roll+32,0.965,0.035,0,8,32.0,-0.6465423781315854,0.6440662948488481,0.5585053606381855,-0.734899750953142,0.31122,0.4826,0.58622,9.857924369043677e-11
u0.965_v0.151_roll+32,0.965,0.15125,1,8,32.0,-0.6707840321856737,0.5993604522472832,0.5585053606381855,-0.8477203196208344,0.31122,0.4826,0.527165,1.0143711023234347e-10
u0.849_v0.151_roll+32,0.84875,0.15125,1,7,32.0,-0.6183644828333734,0.6911499497443918,0.5585053606381855,-1.022105438733598,0.25216500000000003,0.4826,0.527165,4.860454420392292e-11
u0.733_v0.151_roll+32,0.7325,0.15125,1,6,32.0,0.11481120890271537,-0.3260277422845317,0.5585053606381855,1.3899227332249793,0.19311,0.4826,0.527165,9.243573399072432e-11
u0.616_v0.151_roll+32,0.61625,0.15125,1,5,32.0,0.2499712681659279,-0.3555905597903589,0.5585053606381855,1.480864410092972,0.13405499999999998,0.4826,0.527165,9.443745074454341e-11
u0.500_v0.151_roll+32,0.5,0.15125,1,4,32.0,-0.3468701378067031,0.8486664091625991,0.5585053606381855,-1.2984426623216827,0.075,0.4826,0.527165,3.497814997717619e-11
u0.384_v0.151_roll+32,0.38375000000000004,0.15125,1,3,32.0,-0.2303035632637252,0.8636052785480872,0.5585053606381855,-1.3231384315686257,0.015945000000000015,0.4826,0.527165,6.221721103233914e-11
u0.267_v0.151_roll+32,0.26749999999999996,0.15125,1,2,32.0,-0.10682489919338907,0.8591318454659214,0.5585053606381855,-1.3157707850192204,-0.04311000000000002,0.4826,0.527165,5.188236820273366e-10
u0.151_v0.151_roll+32,0.15125,0.15125,1,1,32.0,0.02010396776349814,0.8353651425229572,0.5585053606381855,-1.2762335029349605,-0.10216500000000002,0.4826,0.527165,1.7949495872010718e-09
u0.035_v0.151_roll+32,0.035,0.15125,1,0,32.0,0.8327871836761298,-0.3435568655684608,0.5585053606381855,1.4433680708246843,-0.16121999999999997,0.4826,0.527165,2.319237060135442e-11
u0.035_v0.267_roll+32,0.035,0.26749999999999996,2,0,32.0,0.835054798233972,-0.49748494329881854,0.5585053606381855,1.502108782351334,-0.16121999999999997,0.4826,0.46811,7.151543219889496e-11
u0.151_v0.267_roll+32,0.15125,0.26749999999999996,2,1,32.0,0.014607668794534017,0.7468168332815942,0.5585053606381855,-1.3342006489138705,-0.10216500000000002,0.4826,0.46811,3.3275616568182895e-11
u0.267_v0.267_roll+32,0.26749999999999996,0.26749999999999996,2,2,32.0,0.6308095518597377,-0.5406144842839812,0.5585053606381855,1.6130230718199046,-0.04311000000000002,0.4826,0.46811,1.2649689682597382e-11
u0.384_v0.267_roll+32,0.38375000000000004,0.26749999999999996,2,3,32.0,-0.23492897343034227,0.7726285276374064,0.5585053606381855,-1.3807730404082683,0.015945000000000015,0.4826,0.46811,7.04795879912564e-11
u0.500_v0.267_roll+32,0.5,0.26749999999999996,2,4,32.0,0.38302047955328083,-0.5339822244953502,0.5585053606381855,1.595810199586209,0.075,0.4826,0.46811,1.3479398331317705e-10
u0.616_v0.267_roll+32,0.61625,0.26749999999999996,2,5,32.0,-0.4588913793531347,0.7278863638777234,0.5585053606381855,-1.299590545411878,0.13405499999999998,0.4826,0.46811,5.140178468547837e-11
u0.733_v0.267_roll+32,0.7325,0.26749999999999996,2,6,32.0,-0.5521233385871698,0.6797511432884253,0.5585053606381855,-1.2098721253343274,0.19311,0.4826,0.46811,1.732494498237462e-11
u0.849_v0.267_roll+32,0.84875,0.26749999999999996,2,7,32.0,-0.628354844814513,0.6144678315370043,0.5585053606381855,-1.0843165281117733,0.25216500000000003,0.4826,0.46811,8.70062718744178e-11
u0.965_v0.267_roll+32,0.965,0.26749999999999996,2,8,32.0,-0.6840458481812954,0.5301911677261659,0.5585053606381855,-0.9158131559745851,0.31122,0.4826,0.46811,4.869325103139362e-10
u0.965_v0.384_roll+32,0.965,0.38375000000000004,3,8,32.0,-0.6894493886721665,0.44078993468657357,0.5585053606381855,-0.9453065506690219,0.31122,0.4826,0.40905499999999995,3.821789501743268e-11
u0.849_v0.384_roll+32,0.84875,0.38375000000000004,3,7,32.0,-0.01319402857838905,-0.5597657990817303,0.5585053606381855,1.3511607785837685,0.25216500000000003,0.4826,0.40905499999999995,2.5835579778973614e-11
u0.733_v0.384_roll+32,0.7325,0.38375000000000004,3,6,32.0,0.1193303775028492,-0.6172592708329449,0.5585053606381855,1.4757141100215387,0.19311,0.4826,0.40905499999999995,2.0128402129766147e-11
u0.616_v0.384_roll+32,0.61625,0.38375000000000004,3,5,32.0,-0.4612385391921796,0.6213668441246739,0.5585053606381855,-1.3254260755264011,0.13405499999999998,0.4826,0.40905499999999995,1.2057830415271448e-11
u0.500_v0.384_roll+32,0.5,0.38375000000000004,3,4,32.0,0.38261538494585706,-0.6854755023280911,0.5585053606381855,1.6214844566993645,0.075,0.4826,0.40905499999999995,4.2427332277200887e-10
u0.384_v0.384_roll+32,0.38375000000000004,0.38375000000000004,3,3,32.0,0.5099390792268363,-0.6970301548758886,0.5585053606381855,1.6459774081760716,0.015945000000000015,0.4826,0.40905499999999995,1.5323559619375767e-11
u0.267_v0.384_roll+32,0.26749999999999996,0.38375000000000004,3,2,32.0,0.63021503956938,-0.6935778078619678,0.5585053606381855,1.6386649079457942,-0.04311000000000002,0.4826,0.40905499999999995,9.902935468604186e-12
u0.151_v0.384_roll+32,0.15125,0.38375000000000004,3,1,32.0,0.7398625626435267,-0.6751268598652335,0.5585053606381855,1.599501640073736,-0.10216500000000002,0.4826,0.40905499999999995,1.3237486265839992e-10
u0.035_v0.384_roll+32,0.035,0.38375000000000004,3,0,32.0,0.13849028531175714,0.603290360097367,0.5585053606381855,-1.2885220089891691,-0.16121999999999997,0.4826,0.40905499999999995,1.0005276115998374e-11
u0.035_v0.500_roll+32,0.035,0.5,4,0,32.0,0.8355126180062152,-0.7715339312239106,0.5585053606381855,1.5218411004643007,-0.16121999999999997,0.4826,0.35,3.3743121278650184e-11
u0.151_v0.500_roll+32,0.15125,0.5,4,1,32.0,0.739927840711137,-0.8105908082962263,0.5585053606381855,1.5933048479172562,-0.10216500000000002,0.4826,0.35,7.905427232068306e-11
u0.267_v0.500_roll+32,0.26749999999999996,0.5,4,2,32.0,0.630383568807007,-0.8323600032814619,0.5585053606381855,1.6324862327111296,-0.04311000000000002,0.4826,0.35,1.7956683361491857e-11
u0.384_v0.500_roll+32,0.38375000000000004,0.5,4,3,32.0,-0.2362194977202948,0.5338911785811002,0.5585053606381855,-1.400227048830194,0.015945000000000015,0.4826,0.35,8.455457038849284e-12
u0.500_v0.500_roll+32,0.5,0.5,4,4,32.0,-0.3534060179426972,0.5231962779559319,0.5585053606381855,-1.37572500794501,0.075,0.4826,0.35,3.230362244136513e-11
u0.616_v0.500_roll+32,0.61625,0.5,4,5,32.0,-0.46069428042288607,0.49856255615148765,0.5585053606381855,-1.319205303585326,0.13405499999999998,0.4826,0.35,2.9021794082102534e-10
u0.733_v0.500_roll+32,0.7325,0.5,4,6,32.0,0.11909265902286398,-0.743374153780283,0.5585053606381855,1.46939518413398,0.19311,0.4826,0.35,4.5816420795641054e-11
u0.849_v0.500_roll+32,0.84875,0.5,4,7,32.0,-0.013715438283153705,-0.6779498037786017,0.5585053606381855,1.3446105630635408,0.25216500000000003,0.4826,0.35,2.1424793911907436e-11
u0.965_v0.500_roll+32,0.965,0.5,4,8,32.0,-0.14802387798154104,-0.5936041659097596,0.5585053606381855,1.1778146883218061,0.31122,0.4826,0.35,9.38803791402733e-11
u0.965_v0.616_roll+32,0.965,0.61625,5,8,32.0,-0.6799451522659223,0.21270408477275543,0.5585053606381855,-0.8941557481616956,0.31122,0.4826,0.290945,2.878209318766317e-11
u0.849_v0.616_roll+32,0.84875,0.61625,5,7,32.0,-0.017280780525677976,-0.7771967428525114,0.5585053606381855,1.3039871194122685,0.25216500000000003,0.4826,0.290945,1.6313651949647766e-11
u0.733_v0.616_roll+32,0.7325,0.61625,5,6,32.0,-0.5497606348310173,0.3285756757848171,0.5585053606381855,-1.1907666764185914,0.19311,0.4826,0.290945,1.9649387664724676e-11
u0.616_v0.616_roll+32,0.61625,0.61625,5,5,32.0,-0.4570453396957439,0.36305192178546086,0.5585053606381855,-1.2808404502737067,0.13405499999999998,0.4826,0.290945,6.305595972658131e-10
u0.500_v0.616_roll+32,0.5,0.61625,5,4,32.0,-0.35044819596571114,0.3845524042100764,0.5585053606381855,-1.3376272705019498,0.075,0.4826,0.290945,1.8665511225848363e-10
u0.384_v0.616_roll+32,0.38375000000000004,0.61625,5,3,32.0,-0.23356943689989765,0.3937933647462573,0.5585053606381855,-1.3622061426122265,0.015945000000000015,0.4826,0.290945,1.6249507971335648e-11
u0.267_v0.616_roll+32,0.26749999999999996,0.61625,5,2,32.0,0.6310674378180325,-0.9515822533603479,0.5585053606381855,1.5944448238378817,-0.04311000000000002,0.4826,0.290945,3.34238745575188e-11
u0.151_v0.616_roll+32,0.15125,0.61625,5,1,32.0,0.01624928600764102,0.3762152910567492,0.5585053606381855,-1.3155442004200695,-0.10216500000000002,0.4826,0.290945,1.2655682892166387e-11
u0.035_v0.616_roll+32,0.035,0.61625,5,0,32.0,0.8344735184989405,-0.8823340337110468,0.5585053606381855,1.4832320566210648,-0.16121999999999997,0.4826,0.290945,3.491087581682502e-11
u0.035_v0.733_roll+32,0.035,0.7325,6,0,32.0,0.8309887110965116,-0.9695451593571275,0.5585053606381855,1.4114200339847371,-0.16121999999999997,0.4826,0.23188999999999996,4.8533315605712665e-11
u0.151_v0.733_roll+32,0.15125,0.7325,6,1,32.0,0.7384977715059814,-1.0187588293764573,0.5585053606381855,1.4843914015453439,-0.10216500000000002,0.4826,0.23188999999999996,4.583058020979356e-11
u0.267_v0.733_roll+32,0.26749999999999996,0.7325,6,2,32.0,0.6307266610765881,-1.0464085635327594,0.5585053606381855,1.5241426461566727,-0.04311000000000002,0.4826,0.23188999999999996,1.1387385028227218e-10
u0.384_v0.733_roll+32,0.38375000000000004,0.7325,6,3,32.0,-0.22730744853215834,0.24484322487811527,0.5585053606381855,-1.2919704248339574,0.015945000000000015,0.4826,0.23188999999999996,3.8841188762672247e-11
u0.500_v0.733_roll+32,0.5,0.7325,6,4,32.0,0.3822954939132401,-1.0342183287787332,0.5585053606381855,1.5067271840217398,0.075,0.4826,0.23188999999999996,2.056550457883716e-11
u0.616_v0.733_roll+32,0.61625,0.7325,6,5,32.0,0.24862622424764452,-0.9947949452362562,0.5585053606381855,1.4492149358838138,0.13405499999999998,0.4826,0.23188999999999996,2.2011216082454675e-09
u0.733_v0.733_roll+32,0.7325,0.7325,6,6,32.0,0.11238027718700881,-0.9343350750388213,0.5585053606381855,1.3574583186872633,0.19311,0.4826,0.23188999999999996,1.4790283915126042e-11
u0.849_v0.733_roll+32,0.84875,0.7325,6,7,32.0,-0.025519433520604526,-0.8531935489347356,0.5585053606381855,1.2274865837957132,0.25216500000000003,0.4826,0.23188999999999996,3.7776913578620754e-11
u0.965_v0.733_roll+32,0.965,0.7325,6,8,32.0,-0.6629318618937995,0.07724939040201151,0.5585053606381855,-0.8097556392947455,0.31122,0.4826,0.23188999999999996,2.705935229028494e-11
u0.965_v0.849_roll+32,0.965,0.84875,7,8,32.0,-0.19135204336864423,-0.7843565262606743,0.5585053606381855,0.9156896927178837,0.31122,0.4826,0.17283499999999996,6.324326467692518e-11
u0.849_v0.849_roll+32,0.84875,0.84875,7,7,32.0,-0.589762675527469,-0.007342877313843712,0.5585053606381855,-0.8708462228204629,0.25216500000000003,0.4826,0.17283499999999996,1.4589017231928582e-10
u0.733_v0.849_roll+32,0.7325,0.84875,7,6,32.0,0.1013178531016527,-0.9904228548031073,0.5585053606381855,1.247820656880855,0.19311,0.4826,0.17283499999999996,3.729214847274225e-10
u0.616_v0.849_roll+32,0.61625,0.84875,7,5,32.0,-0.43383593423481936,0.06543404973703382,0.5585053606381855,-1.1035914123449952,0.13405499999999998,0.4826,0.17283499999999996,1.6183977580260577e-11
u0.500_v0.849_roll+32,0.5,0.84875,7,4,32.0,-0.3303842667108756,0.0824801588828027,0.5585053606381855,-1.1627731402847428,0.075,0.4826,0.17283499999999996,1.3716727067437565e-11
u0.384_v0.849_roll+32,0.38375000000000004,0.84875,7,3,32.0,-0.2148810538327739,0.08958583917801985,0.5585053606381855,-1.188185078713783,0.015945000000000015,0.4826,0.17283499999999996,1.2651703944333253e-11
u0.267_v0.849_roll+32,0.26749999999999996,0.84875,7,2,32.0,0.6264198172760114,-1.1127284930461905,0.5585053606381855,1.4201875941273072,-0.04311000000000002,0.4826,0.17283499999999996,7.215185214389779e-12
u0.151_v0.849_roll+32,0.15125,0.84875,7,1,32.0,0.7325360604896178,-1.0826228496013002,0.5585053606381855,1.3794124220268487,-0.10216500000000002,0.4826,0.17283499999999996,1.7275487929841216e-10
u0.035_v0.849_roll+32,0.035,0.84875,7,0,32.0,0.8220747499095724,-1.028940019817722,0.5585053606381855,1.3040379214608846,-0.16121999999999997,0.4826,0.17283499999999996,6.36959503276455e-11
u0.035_v0.965_roll+32,0.035,0.965,8,0,32.0,0.1967948911497124,-0.1064013361286926,0.5585053606381855,-0.9156068357219478,-0.16121999999999997,0.4826,0.11377999999999999,4.171567585467188e-11
u0.151_v0.965_roll+32,0.15125,0.965,8,1,32.0,0.06240016911996004,-0.08449591805623145,0.5585053606381855,-0.9961123147492732,-0.10216500000000002,0.4826,0.11377999999999999,2.6156027201525096e-11
u0.267_v0.965_roll+32,0.26749999999999996,0.965,8,2,32.0,0.6134257533648352,-1.1466267765193137,0.5585053606381855,1.2787292137970774,-0.04311000000000002,0.4826,0.11377999999999999,2.6125623934343148e-11
u0.384_v0.965_roll+32,0.38375000000000004,0.965,8,3,32.0,-0.1921890135843739,-0.07140952382674634,0.5585053606381855,-1.047111922080904,0.015945000000000015,0.4826,0.11377999999999999,1.7129318770840848e-10
u0.500_v0.965_roll+32,0.5,0.965,8,4,32.0,-0.3065567817239226,-0.07819262550864177,0.5585053606381855,-1.0203633488450767,0.075,0.4826,0.11377999999999999,1.2660725735450478e-09
u0.616_v0.965_roll+32,0.61625,0.965,8,5,32.0,-0.40732324718509444,-0.09480384830304713,0.5585053606381855,-0.9575590176547116,0.13405499999999998,0.4826,0.11377999999999999,6.50420676653721e-11
u0.733_v0.965_roll+32,0.7325,0.965,8,6,32.0,-0.4904982035467414,-0.123915630910442,0.5585053606381855,-0.8546503765666422,0.19311,0.4826,0.11377999999999999,1.2918946122663163e-10
u0.849_v0.965_roll+32,0.84875,0.965,8,7,32.0,-0.07277782497783025,-0.9137272898717572,0.5585053606381855,0.9409688427346502,0.25216500000000003,0.4826,0.11377999999999999,3.596779433717987e-11
u0.965_v0.965_roll+32,0.965,0.965,8,8,32.0,-0.5792915845105373,-0.2508229131481343,0.5585053606381855,-0.4667969915871798,0.31122,0.4826,0.11377999999999999,7.571475595813425e-11
